,satisfaction_level,last_evaluation,number_project,average_montly_hours,time_spend_company,Work_accident,promotion_last_5years,department_IT,department_RandD,department_accounting,department_hr,department_management,department_marketing,department_product_mng,department_sales,department_support,department_technical,salary_high,salary_low,salary_medium,left
2645,0.78,0.65,0.5714285714285714,0.667741935483871,0.2,0,0,0,0,0,0,0,0,0,0,1,0,0,0,1,0
3203,0.48,0.95,0.42857142857142855,0.5935483870967742,0.2,0,0,0,1,0,0,0,0,0,0,0,0,1,0,0,0
13035,0.77,0.5,0.42857142857142855,0.45483870967741935,0.3,0,0,1,0,0,0,0,0,0,0,0,0,0,0,1,0
5510,0.55,0.85,0.5714285714285714,0.8806451612903226,0.2,0,0,0,0,0,0,0,0,0,1,0,0,0,0,1,0
11248,0.72,0.8,0.42857142857142855,0.7161290322580646,0.3,0,0,1,0,0,0,0,0,0,0,0,0,0,0,1,0
7392,0.9,0.7,0.42857142857142855,0.7193548387096774,0.2,0,0,1,0,0,0,0,0,0,0,0,0,0,1,0,0
1881,0.4,0.48,0.2857142857142857,0.45806451612903226,0.3,0,0,0,0,0,0,0,0,0,0,1,0,0,1,0,1
9900,0.63,0.66,0.42857142857142855,0.5709677419354838,0.2,1,0,0,0,0,0,0,0,0,0,1,0,0,0,1,0
776,0.1,0.97,0.8571428571428571,0.8193548387096774,0.5,0,0,0,0,0,0,0,0,0,1,0,0,0,0,1,1
4497,0.43,0.41,0.5714285714285714,0.6129032258064516,0.3,0,0,0,0,0,0,0,0,1,0,0,0,0,0,1,0
641,0.74,0.97,0.5714285714285714,0.7354838709677419,0.5,0,0,0,0,0,1,0,0,0,0,0,0,0,1,0,1
6934,0.8,0.71,0.5714285714285714,0.6451612903225806,0.2,0,0,1,0,0,0,0,0,0,0,0,0,0,1,0,0
7394,0.88,0.55,0.5714285714285714,0.6612903225806451,0.4,0,0,0,0,0,0,0,0,1,0,0,0,0,1,0,0
3354,0.93,0.89,0.5714285714285714,0.6741935483870968,0.2,0,0,0,1,0,0,0,0,0,0,0,0,0,0,1,0
6484,0.23,0.78,0.5714285714285714,0.5258064516129032,0.6,0,0,0,1,0,0,0,0,0,0,0,0,0,0,1,0
6724,0.33,0.85,0.2857142857142857,0.4096774193548387,0.3,0,0,0,0,0,0,0,1,0,0,0,0,0,0,1,0
4893,0.9,0.78,0.5714285714285714,0.8419354838709677,0.2,1,0,0,0,0,0,0,0,0,1,0,0,0,0,1,0
8597,0.71,0.65,0.42857142857142855,0.6129032258064516,0.3,0,0,0,0,0,0,0,0,0,0,1,0,0,1,0,0
12227,0.44,0.54,0.2857142857142857,0.4806451612903226,0.3,0,0,0,0,0,1,0,0,0,0,0,0,0,1,0,1
2728,0.55,0.49,0.42857142857142855,0.49032258064516127,0.2,0,0,0,0,0,0,0,0,0,0,0,1,0,0,1,0
11120,0.68,0.89,0.7142857142857143,0.7032258064516129,0.5,0,0,0,0,0,0,0,0,0,1,0,0,0,1,0,0
8826,0.59,0.67,0.2857142857142857,0.5419354838709678,0.3,0,0,0,0,0,0,0,0,0,0,1,0,0,1,0,0
7446,0.74,0.95,0.42857142857142855,0.5064516129032258,0.4,0,0,0,0,0,0,0,0,0,0,0,1,0,0,1,0
6091,0.71,0.54,0.42857142857142855,0.6483870967741936,0.2,0,0,1,0,0,0,0,0,0,0,0,0,0,0,1,0
12173,0.1,0.88,0.8571428571428571,0.9161290322580645,0.4,0,0,0,0,0,0,0,0,0,1,0,0,0,1,0,1
7483,0.98,0.89,0.42857142857142855,0.4838709677419355,0.3,0,0,0,0,0,0,0,0,0,0,1,0,1,0,0,0
13444,0.7,0.85,0.5714285714285714,0.45806451612903226,0.2,0,0,0,0,0,0,0,0,0,0,1,0,0,1,0,0
13739,0.89,0.55,0.7142857142857143,0.8096774193548387,1.0,0,0,0,0,0,0,1,0,0,0,0,0,1,0,0,0
7555,0.57,0.55,0.2857142857142857,0.5580645161290323,0.2,0,0,0,1,0,0,0,0,0,0,0,0,0,1,0,0
11394,0.14,0.79,0.7142857142857143,0.8741935483870967,0.4,0,0,0,0,0,0,1,0,0,0,0,0,1,0,0,0
5724,0.65,0.6,0.5714285714285714,0.6451612903225806,0.4,0,0,0,1,0,0,0,0,0,0,0,0,0,1,0,0
10950,0.93,0.9,0.5714285714285714,0.8258064516129032,0.4,0,0,0,0,0,0,0,0,0,0,0,1,0,1,0,0
471,0.44,0.53,0.2857142857142857,0.4806451612903226,0.3,0,0,0,0,0,0,0,0,0,1,0,0,0,1,0,1
4389,0.85,0.95,0.5714285714285714,0.5516129032258065,0.3,0,0,0,0,0,0,0,0,0,0,0,1,0,0,1,0
9667,0.81,0.98,0.42857142857142855,0.45483870967741935,0.3,0,0,0,0,0,0,0,0,0,0,1,0,0,0,1,0
1784,0.43,0.51,0.2857142857142857,0.4806451612903226,0.3,1,0,0,0,1,0,0,0,0,0,0,0,0,0,1,1
7230,0.98,0.97,0.5714285714285714,0.632258064516129,0.4,0,0,0,0,0,0,0,0,0,0,1,0,0,1,0,0
10938,0.85,0.98,0.7142857142857143,0.7161290322580646,0.3,0,1,0,0,0,0,0,0,0,1,0,0,0,0,1,0
7906,0.23,0.8,0.7142857142857143,0.4483870967741935,0.3,0,0,0,0,0,0,0,0,0,0,1,0,0,0,1,0
12761,0.09,0.93,0.8571428571428571,0.8032258064516129,0.4,0,0,0,0,0,0,0,0,0,1,0,0,0,1,0,1
12932,0.78,0.98,0.5714285714285714,0.667741935483871,0.2,1,0,0,0,0,0,0,0,0,0,0,1,0,0,1,0
12833,0.6,0.49,0.42857142857142855,0.7709677419354839,0.2,0,0,0,0,0,0,0,0,0,1,0,0,0,0,1,0
11259,0.55,0.64,0.5714285714285714,0.6483870967741936,1.0,1,0,0,0,0,0,1,0,0,0,0,0,0,0,1,0
5063,0.34,0.89,0.7142857142857143,0.8580645161290322,0.6,0,0,0,0,0,0,0,0,0,1,0,0,0,0,1,0
3734,0.21,0.56,0.8571428571428571,0.8935483870967742,0.5,0,0,0,1,0,0,0,0,0,0,0,0,0,0,1,0
14120,0.85,0.58,0.5714285714285714,0.6,0.7,0,0,0,0,0,0,0,0,0,1,0,0,0,0,1,0
14194,0.67,0.49,0.7142857142857143,0.7774193548387097,0.8,0,0,0,0,0,0,0,0,0,1,0,0,0,0,1,0
11500,0.49,0.36,0.2857142857142857,0.6193548387096774,0.3,0,0,0,0,0,0,0,0,0,1,0,0,0,1,0,0
2551,0.72,0.62,0.5714285714285714,0.8258064516129032,0.3,0,0,0,0,0,1,0,0,0,0,0,0,0,1,0,0
14460,0.11,0.84,0.8571428571428571,0.9612903225806452,0.4,0,0,0,0,0,0,0,0,0,1,0,0,0,1,0,1
13,0.41,0.55,0.2857142857142857,0.4774193548387097,0.3,0,0,0,0,0,0,0,0,0,1,0,0,0,1,0,1
1708,0.79,0.96,0.5714285714285714,0.8290322580645161,0.5,0,0,0,0,1,0,0,0,0,0,0,0,0,0,1,1
13471,0.74,0.6,0.5714285714285714,0.8838709677419355,1.0,1,0,0,0,0,0,1,0,0,0,0,0,0,0,1,0
4957,0.78,0.55,0.42857142857142855,0.4645161290322581,0.2,0,0,0,1,0,0,0,0,0,0,0,0,0,1,0,0
9449,0.4,0.59,0.42857142857142855,0.3580645161290323,0.4,1,0,1,0,0,0,0,0,0,0,0,0,0,1,0,0
14769,0.43,0.55,0.2857142857142857,0.43870967741935485,0.3,0,0,0,0,0,0,0,0,0,1,0,0,0,1,0,1
4837,0.17,0.82,0.8571428571428571,0.8354838709677419,0.4,0,0,0,0,1,0,0,0,0,0,0,0,0,1,0,0
5891,0.74,0.89,0.5714285714285714,0.4806451612903226,0.2,0,0,0,0,0,0,0,0,0,1,0,0,0,1,0,0
13178,0.2,0.99,0.7142857142857143,0.4870967741935484,0.3,1,0,0,0,0,0,0,0,0,0,1,0,0,1,0,0
5839,0.36,0.4,0.5714285714285714,0.36774193548387096,0.4,1,0,0,0,0,0,0,0,0,0,0,1,0,1,0,0
12896,0.73,0.62,0.5714285714285714,0.7967741935483871,0.4,0,0,0,0,0,0,0,0,0,1,0,0,0,1,0,0
2329,0.66,0.77,0.2857142857142857,0.5516129032258065,0.2,0,0,0,0,0,0,0,0,0,0,0,1,0,0,1,0
6542,0.71,0.6,0.2857142857142857,0.8096774193548387,0.3,0,0,0,0,0,0,0,0,0,0,1,0,0,1,0,0
1304,0.89,0.98,0.5714285714285714,0.7806451612903226,0.6,0,0,0,0,0,0,0,1,0,0,0,0,0,1,0,1
4331,0.96,0.9,0.5714285714285714,0.7935483870967742,0.3,0,0,0,0,0,0,0,0,0,0,1,0,0,1,0,0
5401,0.79,0.58,0.5714285714285714,0.6161290322580645,0.6,0,0,0,0,0,0,0,0,0,0,0,1,0,1,0,0
308,0.41,0.48,0.2857142857142857,0.46774193548387094,0.3,0,0,0,0,1,0,0,0,0,0,0,0,0,0,1,1
8373,0.7,0.83,0.5714285714285714,0.5870967741935483,0.3,0,0,0,0,0,0,0,0,0,0,1,0,0,0,1,0
13454,0.49,0.57,0.42857142857142855,0.6193548387096774,0.3,0,0,0,0,0,0,0,0,0,0,0,1,0,0,1,0
14307,0.1,0.77,0.8571428571428571,0.8548387096774194,0.4,0,0,0,0,0,0,0,0,0,1,0,0,0,1,0,1
7622,0.59,0.65,0.5714285714285714,0.5709677419354838,0.2,0,0,0,0,0,0,0,0,1,0,0,0,0,1,0,0
7382,0.54,0.71,0.7142857142857143,0.8161290322580645,0.2,1,0,0,0,0,0,0,0,0,0,1,0,1,0,0,0
11330,0.94,0.61,0.42857142857142855,0.45161290322580644,0.2,0,0,0,0,0,0,0,0,0,0,1,0,0,0,1,0
7707,0.55,0.97,0.5714285714285714,0.5225806451612903,0.3,0,0,0,1,0,0,0,0,0,0,0,0,0,1,0,0
11793,0.77,0.82,0.42857142857142855,0.4935483870967742,0.3,1,0,0,0,0,0,0,0,0,0,0,1,0,0,1,0
6628,0.49,0.97,0.5714285714285714,0.535483870967742,0.5,0,0,0,0,0,0,0,0,1,0,0,0,0,1,0,0
2565,0.48,0.67,0.7142857142857143,0.8806451612903226,0.3,0,0,0,0,0,0,0,0,0,0,1,0,0,0,1,0
1185,0.43,0.49,0.2857142857142857,0.43548387096774194,0.3,0,0,0,0,0,0,0,0,0,0,0,1,0,1,0,1
1956,0.4,0.48,0.2857142857142857,0.5,0.3,0,0,0,0,0,0,0,0,0,0,1,0,0,1,0,1
8975,0.88,0.72,0.7142857142857143,0.5838709677419355,0.4,0,0,0,0,0,0,0,0,0,0,0,1,0,1,0,0
5240,0.19,0.55,0.7142857142857143,0.4774193548387097,0.4,0,0,0,0,0,0,0,0,0,0,1,0,0,0,1,0
8835,0.92,0.89,0.5714285714285714,0.7612903225806451,0.4,1,0,0,0,0,0,0,0,0,0,0,1,0,0,1,0
14622,0.84,0.99,0.5714285714285714,0.8451612903225807,0.6,0,0,0,0,1,0,0,0,0,0,0,0,0,0,1,1
11931,0.8,0.93,0.42857142857142855,0.7258064516129032,0.4,0,0,0,0,0,0,0,0,1,0,0,0,0,1,0,0
630,0.1,0.9,1.0,0.9225806451612903,0.4,0,0,0,0,0,0,0,0,0,1,0,0,0,1,0,1
8832,0.25,0.8,0.7142857142857143,0.6,0.4,1,0,0,0,0,0,0,0,0,0,1,0,0,0,1,0
3108,0.6,0.98,0.5714285714285714,0.6290322580645161,0.3,0,0,0,0,0,0,0,0,0,0,1,0,0,0,1,0
5925,0.89,0.86,0.42857142857142855,0.6709677419354839,0.3,0,0,0,0,0,0,0,0,0,0,1,0,0,1,0,0
5056,0.43,0.98,0.5714285714285714,0.5290322580645161,0.3,0,1,0,0,0,0,0,0,0,1,0,0,0,0,1,0
14863,0.09,0.77,0.8571428571428571,0.9354838709677419,0.4,0,0,0,0,0,0,0,0,0,0,0,1,0,0,1,1
2581,0.63,0.96,0.7142857142857143,0.49032258064516127,0.3,0,0,1,0,0,0,0,0,0,0,0,0,0,1,0,0
7404,0.58,0.9,0.7142857142857143,0.8290322580645161,0.3,0,0,0,0,0,0,0,1,0,0,0,0,0,0,1,0
2897,0.97,0.58,0.7142857142857143,0.5032258064516129,0.2,1,0,0,1,0,0,0,0,0,0,0,0,0,1,0,0
3935,0.55,0.57,0.42857142857142855,0.8580645161290322,0.2,0,0,0,0,0,0,0,0,0,0,0,1,0,0,1,0
14174,0.9,0.48,0.5714285714285714,0.43870967741935485,0.7,0,0,1,0,0,0,0,0,0,0,0,0,0,1,0,0
390,0.78,1.0,0.5714285714285714,0.8161290322580645,0.5,0,0,0,0,0,0,0,1,0,0,0,0,0,1,0,1
412,0.45,0.53,0.2857142857142857,0.44516129032258067,0.3,0,0,0,0,1,0,0,0,0,0,0,0,0,0,1,1
13497,0.76,0.82,0.5714285714285714,0.5483870967741935,0.6,0,0,0,0,0,0,0,0,0,1,0,0,0,0,1,0
987,0.1,0.79,0.8571428571428571,0.8032258064516129,0.4,0,0,0,1,0,0,0,0,0,0,0,0,0,1,0,1
602,0.1,0.84,1.0,0.8064516129032258,0.4,0,0,0,0,0,0,0,0,1,0,0,0,0,1,0,1
9398,0.92,0.62,0.42857142857142855,0.8516129032258064,0.2,0,0,0,0,0,0,0,0,0,1,0,0,0,0,1,0
7212,0.66,0.96,0.5714285714285714,0.5161290322580645,0.2,0,0,0,0,0,0,0,0,0,0,0,1,0,0,1,0
2587,0.53,0.65,0.2857142857142857,0.6096774193548387,0.2,1,0,1,0,0,0,0,0,0,0,0,0,0,1,0,0
10680,0.92,0.76,0.7142857142857143,0.4258064516129032,0.3,1,0,0,1,0,0,0,0,0,0,0,0,0,1,0,0
6261,0.94,0.84,0.5714285714285714,0.7096774193548387,0.3,0,0,0,0,0,0,0,0,0,0,1,0,0,1,0,0
436,0.11,0.85,0.8571428571428571,0.8419354838709677,0.4,0,0,0,0,0,0,0,0,0,0,1,0,0,1,0,1
5445,0.56,0.91,0.5714285714285714,0.6064516129032258,0.2,1,0,0,0,0,0,0,0,0,1,0,0,0,1,0,0
11967,0.82,0.82,0.42857142857142855,0.4774193548387097,0.3,0,0,1,0,0,0,0,0,0,0,0,0,0,1,0,0
7166,0.16,0.57,0.7142857142857143,0.4645161290322581,0.4,1,0,0,0,0,0,0,0,1,0,0,0,0,1,0,0
5947,0.67,0.57,0.42857142857142855,0.6645161290322581,0.3,1,0,0,0,0,0,0,0,1,0,0,0,0,0,1,0
4324,0.5,0.64,0.5714285714285714,0.6870967741935484,0.4,0,0,0,0,0,0,0,0,0,0,1,0,0,1,0,0
5580,0.88,0.71,0.7142857142857143,0.7935483870967742,0.3,0,0,0,0,0,0,0,1,0,0,0,0,0,0,1,0
8733,0.74,0.58,0.42857142857142855,0.7096774193548387,0.2,0,0,0,0,0,1,0,0,0,0,0,0,1,0,0,0
5525,0.24,0.5,0.5714285714285714,0.7483870967741936,0.3,0,1,0,0,1,0,0,0,0,0,0,0,1,0,0,0
3249,0.19,0.78,0.7142857142857143,0.5032258064516129,0.6,0,0,0,0,0,0,0,0,0,0,0,1,0,0,1,0
11252,0.76,0.45,0.5714285714285714,0.47419354838709676,0.2,0,0,0,0,0,0,0,0,1,0,0,0,0,0,1,0
8397,0.74,0.56,0.5714285714285714,0.8193548387096774,0.2,0,0,0,0,0,0,0,1,0,0,0,0,0,1,0,0
11079,0.73,0.84,0.42857142857142855,0.6967741935483871,0.8,0,0,0,0,0,0,1,0,0,0,0,0,0,0,1,0
13428,0.55,0.4,0.42857142857142855,0.4483870967741935,0.8,0,1,0,0,0,1,0,0,0,0,0,0,0,0,1,0
2396,0.48,0.82,0.42857142857142855,0.5903225806451613,0.2,0,0,0,0,0,1,0,0,0,0,0,0,0,1,0,0
13068,0.6,0.96,0.5714285714285714,0.7096774193548387,0.3,1,1,0,0,0,0,0,0,0,1,0,0,0,0,1,0
6034,0.76,0.58,0.5714285714285714,0.6064516129032258,0.3,0,0,0,0,0,0,0,0,0,0,0,1,0,1,0,0
988,0.74,0.89,0.7142857142857143,0.8354838709677419,0.5,0,0,0,1,0,0,0,0,0,0,0,0,0,1,0,1
6895,0.69,0.91,0.5714285714285714,0.4129032258064516,0.3,1,0,0,0,0,0,0,0,0,1,0,0,0,0,1,0
12471,0.44,0.53,0.2857142857142857,0.4806451612903226,0.3,0,0,0,0,0,0,0,0,0,1,0,0,0,1,0,1
4552,0.51,0.91,0.5714285714285714,0.867741935483871,0.5,0,1,0,0,0,0,0,0,0,0,1,0,0,0,1,0
8333,0.7,0.99,0.42857142857142855,0.5387096774193548,0.3,0,0,0,0,0,0,0,0,0,1,0,0,0,1,0,0
13864,0.65,0.82,0.7142857142857143,0.8548387096774194,0.3,0,0,1,0,0,0,0,0,0,0,0,0,0,1,0,0
6015,0.51,0.54,0.42857142857142855,0.4967741935483871,0.3,1,0,1,0,0,0,0,0,0,0,0,0,0,0,1,0
4433,0.54,0.81,0.7142857142857143,0.6290322580645161,0.4,0,0,0,0,0,0,1,0,0,0,0,0,0,0,1,0
13854,0.2,0.68,0.7142857142857143,0.5387096774193548,0.7,0,0,0,0,0,0,0,1,0,0,0,0,0,0,1,0
10363,0.81,0.53,0.42857142857142855,0.4774193548387097,0.3,0,0,0,0,0,0,0,0,0,0,0,1,0,1,0,0
595,0.09,0.87,0.7142857142857143,0.8483870967741935,0.4,0,0,1,0,0,0,0,0,0,0,0,0,0,1,0,1
13337,0.25,0.9,0.8571428571428571,0.7387096774193549,0.8,0,0,0,0,0,0,0,0,0,1,0,0,0,0,1,0
2263,0.91,0.97,0.42857142857142855,0.5387096774193548,0.2,0,0,0,0,0,0,0,0,0,0,1,0,0,1,0,0
2339,0.14,0.51,0.7142857142857143,0.5580645161290323,0.4,0,0,0,0,0,0,0,0,0,0,1,0,0,0,1,0
7006,0.44,0.39,0.2857142857142857,0.6064516129032258,0.3,0,0,0,0,0,0,0,0,0,0,0,1,0,1,0,0
6838,0.88,0.5,0.42857142857142855,0.5483870967741935,0.3,0,0,0,0,0,0,0,0,0,0,0,1,0,0,1,0
8640,0.34,0.88,0.7142857142857143,0.42258064516129035,0.6,0,0,0,0,0,0,0,0,0,1,0,0,0,1,0,0
2563,0.96,0.81,0.42857142857142855,0.6838709677419355,0.3,0,0,0,0,0,0,0,0,0,0,1,0,0,0,1,0
4592,0.89,0.9,0.42857142857142855,0.7741935483870968,0.3,0,0,0,0,0,0,0,0,0,1,0,0,1,0,0,0
1980,0.1,0.79,0.8571428571428571,0.9709677419354839,0.5,0,0,0,1,0,0,0,0,0,0,0,0,0,0,1,1
3057,0.58,0.77,0.5714285714285714,0.46774193548387094,0.3,1,0,0,0,0,0,0,0,0,0,1,0,0,1,0,0
2983,0.51,0.53,0.42857142857142855,0.5032258064516129,0.3,0,0,0,0,0,0,1,0,0,0,0,0,0,1,0,0
1167,0.43,0.5,0.2857142857142857,0.4096774193548387,0.3,1,0,0,0,0,0,0,0,0,1,0,0,0,0,1,1
5191,0.52,0.96,0.5714285714285714,0.7935483870967742,0.3,0,0,0,0,0,0,0,0,0,0,1,0,0,1,0,0
3552,0.57,0.99,0.42857142857142855,0.6612903225806451,0.3,0,0,0,0,0,0,0,0,0,0,0,1,0,1,0,0
3850,0.76,0.81,0.42857142857142855,0.7258064516129032,0.3,0,0,0,0,0,0,0,0,0,0,0,1,0,0,1,0
9265,0.49,0.57,0.5714285714285714,0.47096774193548385,0.4,0,0,0,0,0,1,0,0,0,0,0,0,0,0,1,0
7186,0.75,0.61,0.7142857142857143,0.5580645161290323,0.4,0,0,0,0,0,0,0,0,0,1,0,0,0,1,0,0
197,0.1,0.91,0.8571428571428571,0.9258064516129032,0.4,0,0,0,0,0,0,0,0,0,0,0,1,0,1,0,1
14600,0.42,0.57,0.2857142857142857,0.4967741935483871,0.3,1,0,0,0,0,0,0,1,0,0,0,0,0,0,1,1
2880,0.65,0.84,0.42857142857142855,0.4967741935483871,0.3,0,0,0,0,0,0,0,0,0,0,1,0,1,0,0,0
14782,0.73,1.0,0.5714285714285714,0.8129032258064516,0.5,0,0,0,0,0,0,0,0,0,0,0,1,0,0,1,1
12424,0.45,0.46,0.2857142857142857,0.41935483870967744,0.3,0,0,0,0,0,0,0,0,0,0,0,1,0,1,0,1
7898,0.97,0.77,0.5714285714285714,0.6709677419354839,0.2,0,0,0,0,0,0,0,0,0,0,0,1,0,0,1,0
11453,0.74,0.71,0.42857142857142855,0.6645161290322581,0.3,0,0,0,0,0,0,1,0,0,0,0,0,1,0,0,0
12647,0.46,0.5,0.2857142857142857,0.4870967741935484,0.3,0,0,0,0,0,0,0,0,0,0,0,1,0,0,1,1
560,0.09,0.86,0.8571428571428571,0.9,0.4,0,0,0,0,0,0,0,0,0,1,0,0,0,1,0,1
9120,0.76,0.71,0.8571428571428571,0.5419354838709678,0.2,0,0,0,0,0,0,0,0,0,0,0,1,1,0,0,0
4378,0.85,0.55,0.2857142857142857,0.667741935483871,0.6,0,0,0,0,0,0,0,0,0,1,0,0,0,1,0,0
6447,0.52,0.51,0.2857142857142857,0.7483870967741936,0.4,0,0,0,0,0,0,0,0,0,0,0,1,1,0,0,0
11959,0.85,0.64,0.7142857142857143,0.8258064516129032,0.7,0,0,0,0,0,0,0,0,1,0,0,0,0,1,0,0
12524,0.75,0.99,0.7142857142857143,0.7129032258064516,0.5,0,0,0,0,0,0,0,0,1,0,0,0,0,1,0,1
8319,0.93,0.97,0.7142857142857143,0.44193548387096776,0.4,0,0,0,1,0,0,0,0,0,0,0,0,0,1,0,0
3091,0.49,0.58,0.42857142857142855,0.43870967741935485,0.4,1,0,0,0,0,0,0,0,0,0,0,1,0,1,0,0
1319,0.4,0.52,0.2857142857142857,0.4612903225806452,0.3,0,0,0,0,0,0,0,0,0,1,0,0,0,0,1,1
698,0.43,0.48,0.2857142857142857,0.43548387096774194,0.3,0,0,0,0,0,0,0,0,0,1,0,0,0,0,1,1
5788,0.16,0.9,0.8571428571428571,0.6870967741935484,0.2,0,0,1,0,0,0,0,0,0,0,0,0,0,0,1,0
1218,0.42,0.56,0.2857142857142857,0.47096774193548385,0.3,0,0,0,1,0,0,0,0,0,0,0,0,0,1,0,1
4670,0.94,0.55,0.7142857142857143,0.7451612903225806,0.2,0,0,0,0,0,0,0,0,0,1,0,0,0,0,1,0
8442,0.43,0.77,0.42857142857142855,0.7645161290322581,0.3,1,0,0,0,0,0,0,0,0,0,0,1,0,1,0,0
4277,0.95,0.58,0.42857142857142855,0.6225806451612903,0.2,0,0,0,0,1,0,0,0,0,0,0,0,0,0,1,0
13044,0.96,0.81,0.42857142857142855,0.7967741935483871,0.3,0,0,0,1,0,0,0,0,0,0,0,0,0,1,0,0
4825,0.95,0.53,0.5714285714285714,0.5225806451612903,0.3,0,0,0,0,0,0,0,0,0,1,0,0,0,0,1,0
3598,0.77,0.86,0.7142857142857143,0.9096774193548387,0.4,0,0,0,0,0,0,0,0,0,1,0,0,0,1,0,0
8706,0.64,0.79,0.5714285714285714,0.8838709677419355,0.2,1,0,0,0,0,0,0,0,0,0,0,1,0,1,0,0
3172,0.75,0.56,0.5714285714285714,0.7419354838709677,0.3,0,0,0,0,0,0,0,0,0,0,0,1,0,0,1,0
14447,0.4,0.53,0.2857142857142857,0.4870967741935484,0.3,0,0,0,0,0,0,0,1,0,0,0,0,0,1,0,1
10912,0.52,0.57,0.42857142857142855,0.8709677419354839,0.3,0,0,0,1,0,0,0,0,0,0,0,0,0,1,0,0
4627,0.17,0.83,0.8571428571428571,0.6290322580645161,0.5,0,0,0,0,0,0,0,0,0,0,1,0,1,0,0,0
11555,0.98,0.44,0.5714285714285714,0.4967741935483871,0.6,1,0,0,0,0,0,0,0,0,1,0,0,0,0,1,0
14619,0.91,0.92,0.5714285714285714,0.7935483870967742,0.5,0,0,0,0,0,0,0,0,0,1,0,0,0,1,0,1
3741,0.66,0.4,0.2857142857142857,0.5,0.5,1,0,0,0,0,0,0,0,0,0,1,0,0,0,1,0
14038,0.53,0.68,0.5714285714285714,0.5580645161290323,0.3,0,0,0,0,0,0,0,0,0,1,0,0,0,0,1,0
423,0.4,0.46,0.2857142857142857,0.4612903225806452,0.3,0,0,0,0,0,0,0,0,0,0,0,1,1,0,0,1
4928,0.55,0.49,0.42857142857142855,0.47096774193548385,0.2,0,0,0,0,0,0,0,0,0,0,0,1,0,0,1,0
13926,0.23,0.7,0.42857142857142855,0.3967741935483871,0.5,0,0,0,0,0,0,0,0,0,1,0,0,0,0,1,0
13871,0.52,0.69,0.7142857142857143,0.6709677419354839,0.8,1,0,0,1,0,0,0,0,0,0,0,0,0,1,0,0
3953,0.76,0.75,0.5714285714285714,0.6225806451612903,0.4,0,0,1,0,0,0,0,0,0,0,0,0,0,1,0,0
10092,0.66,0.62,0.5714285714285714,0.7774193548387097,0.3,0,0,0,0,0,0,0,0,0,1,0,0,0,0,1,0
10582,0.62,0.5,0.5714285714285714,0.5032258064516129,0.2,0,0,0,0,0,0,0,0,0,0,1,0,0,0,1,0
2971,0.86,0.69,0.7142857142857143,0.5064516129032258,0.3,0,0,1,0,0,0,0,0,0,0,0,0,0,1,0,0
2741,0.8,0.9,0.5714285714285714,0.7774193548387097,0.2,0,0,1,0,0,0,0,0,0,0,0,0,0,1,0,0
12605,0.86,0.92,0.7142857142857143,0.8129032258064516,0.5,0,0,0,1,0,0,0,0,0,0,0,0,0,1,0,1
13936,0.16,0.63,0.8571428571428571,0.9225806451612903,0.7,0,1,0,0,0,0,0,0,0,1,0,0,0,0,1,0
11005,0.19,0.83,0.7142857142857143,0.9032258064516129,0.4,0,0,0,1,0,0,0,0,0,0,0,0,0,1,0,0
10271,0.79,0.57,0.5714285714285714,0.49032258064516127,0.3,0,0,0,0,0,0,0,0,0,0,0,1,0,1,0,0
12025,0.89,0.92,0.7142857142857143,0.7806451612903226,0.5,0,0,0,0,0,0,0,0,0,1,0,0,0,1,0,1
3164,0.15,0.93,0.5714285714285714,0.5967741935483871,0.5,0,0,0,0,0,1,0,0,0,0,0,0,0,1,0,0
14150,0.92,0.7,0.42857142857142855,0.4161290322580645,0.3,0,1,0,0,0,0,1,0,0,0,0,0,1,0,0,0
14393,0.89,0.99,0.7142857142857143,0.8290322580645161,0.5,0,0,0,0,1,0,0,0,0,0,0,0,0,0,1,1
8179,0.9,0.91,0.7142857142857143,0.567741935483871,0.3,0,0,0,0,0,0,0,0,0,1,0,0,0,0,1,0
2361,0.48,0.61,0.2857142857142857,0.3903225806451613,0.2,0,0,0,1,0,0,0,0,0,0,0,0,0,0,1,0
10570,0.64,0.51,0.5714285714285714,0.5709677419354838,0.3,0,0,0,0,0,0,0,0,0,0,0,1,0,1,0,0
11840,0.5,0.9,0.7142857142857143,0.7290322580645161,0.2,0,0,0,0,0,0,1,0,0,0,0,0,1,0,0,0
14524,0.41,0.49,0.2857142857142857,0.41935483870967744,0.3,0,0,0,0,0,0,0,1,0,0,0,0,0,1,0,1
12020,0.11,0.83,0.8571428571428571,0.9096774193548387,0.4,0,0,0,0,0,0,0,0,0,1,0,0,0,1,0,1
6336,0.49,0.78,0.42857142857142855,0.8516129032258064,0.4,0,0,0,0,1,0,0,0,0,0,0,0,0,1,0,0
9030,0.94,0.69,0.42857142857142855,0.867741935483871,0.3,0,0,0,0,0,0,0,0,0,1,0,0,0,1,0,0
10091,0.51,1.0,0.7142857142857143,0.632258064516129,0.4,0,0,0,0,0,0,0,0,0,1,0,0,0,0,1,0
1081,0.9,0.91,0.5714285714285714,0.867741935483871,0.5,0,0,0,0,0,0,0,0,0,1,0,0,0,0,1,1
1865,0.11,0.93,0.7142857142857143,0.45161290322580644,0.5,0,0,0,0,0,1,0,0,0,0,0,0,0,0,1,1
5122,0.67,0.71,0.7142857142857143,0.8548387096774194,0.2,0,1,0,0,0,0,0,0,0,1,0,0,0,0,1,0
8566,0.53,0.65,0.42857142857142855,0.7774193548387097,0.3,0,0,0,0,0,0,0,0,0,1,0,0,0,1,0,0
1412,0.46,0.46,0.2857142857142857,0.45161290322580644,0.3,0,0,0,0,0,0,0,0,0,0,0,1,0,1,0,1
9969,0.63,0.59,0.42857142857142855,0.6096774193548387,0.3,0,0,0,0,0,0,0,0,0,0,0,1,0,0,1,0
5656,0.72,0.71,0.7142857142857143,0.8,0.2,0,0,0,0,0,0,0,1,0,0,0,0,0,1,0,0
8760,0.52,1.0,0.5714285714285714,0.7129032258064516,0.3,0,0,0,0,0,0,0,0,0,0,0,1,0,0,1,0
9076,0.87,0.59,0.5714285714285714,0.6516129032258065,0.3,0,0,1,0,0,0,0,0,0,0,0,0,0,0,1,0
851,0.37,0.57,0.2857142857142857,0.4129032258064516,0.3,0,0,0,0,0,0,0,0,0,1,0,0,0,0,1,1
1308,0.09,0.94,0.8571428571428571,0.8580645161290322,0.4,0,0,0,0,0,0,0,0,0,1,0,0,0,0,1,1
12706,0.79,0.93,0.5714285714285714,0.7290322580645161,0.5,0,0,0,0,0,0,0,0,0,1,0,0,0,1,0,1
7659,0.58,0.65,0.7142857142857143,0.603225806451613,0.2,0,0,0,0,0,0,0,0,0,1,0,0,0,1,0,0
11320,0.57,0.82,0.5714285714285714,0.867741935483871,0.2,0,0,0,0,0,0,0,0,0,0,0,1,0,0,1,0
2669,0.33,0.7,0.7142857142857143,0.8741935483870967,0.4,0,0,0,1,0,0,0,0,0,0,0,0,0,1,0,0
3763,0.78,0.92,0.42857142857142855,0.5451612903225806,0.3,0,0,0,0,0,0,0,0,0,1,0,0,1,0,0,0
1117,0.72,0.88,0.7142857142857143,0.8032258064516129,0.5,0,0,0,0,0,0,0,0,0,0,1,0,0,0,1,1
14105,0.82,0.76,0.5714285714285714,0.8580645161290322,0.3,0,1,0,0,0,0,1,0,0,0,0,0,1,0,0,0
7616,0.71,0.8,0.7142857142857143,0.8,0.4,0,0,0,0,0,0,1,0,0,0,0,0,0,0,1,0
1466,0.1,0.83,0.8571428571428571,0.8516129032258064,0.4,1,0,0,0,0,0,0,0,0,1,0,0,0,0,1,1
14975,0.1,0.79,1.0,1.0,0.4,0,0,0,0,0,1,0,0,0,0,0,0,0,0,1,1
14446,0.83,0.85,0.5714285714285714,0.8225806451612904,0.5,0,0,0,0,0,0,1,0,0,0,0,0,0,1,0,1
13376,0.54,0.68,0.8571428571428571,0.8032258064516129,0.5,0,0,0,0,0,0,0,0,1,0,0,0,0,0,1,0
9793,0.84,0.63,0.2857142857142857,0.5225806451612903,0.3,0,0,0,0,0,0,0,0,0,1,0,0,0,1,0,0
768,0.1,0.84,0.8571428571428571,0.9451612903225807,0.5,0,0,0,0,0,0,0,1,0,0,0,0,0,0,1,1
3309,0.41,0.87,0.8571428571428571,0.8451612903225807,0.6,0,0,0,0,0,0,0,0,0,1,0,0,1,0,0,0
6171,0.9,0.72,0.5714285714285714,0.4612903225806452,0.3,0,0,1,0,0,0,0,0,0,0,0,0,0,0,1,0
8815,0.93,0.84,0.42857142857142855,0.5129032258064516,0.3,0,0,0,0,0,0,0,0,0,0,0,1,1,0,0,0
11483,0.7,0.63,0.42857142857142855,0.5064516129032258,0.2,0,0,0,1,0,0,0,0,0,0,0,0,0,0,1,0
13121,0.51,0.5,0.5714285714285714,0.41935483870967744,0.3,0,0,0,1,0,0,0,0,0,0,0,0,0,0,1,0
4499,0.94,0.8,0.7142857142857143,0.3580645161290323,0.4,0,1,0,1,0,0,0,0,0,0,0,0,0,0,1,0
8684,0.85,0.79,0.5714285714285714,0.44516129032258067,0.2,0,0,0,0,0,0,0,0,0,0,0,1,0,0,1,0
10600,0.63,0.94,0.5714285714285714,0.7064516129032258,0.3,0,0,0,0,0,0,0,0,1,0,0,0,0,1,0,0
1223,0.75,0.89,0.5714285714285714,0.7354838709677419,0.5,0,0,0,0,0,0,0,0,0,0,1,0,0,1,0,1
3913,0.19,0.86,0.5714285714285714,0.6193548387096774,0.4,0,0,0,0,0,0,0,0,0,1,0,0,0,1,0,0
7009,0.69,0.94,0.42857142857142855,0.5483870967741935,0.3,0,0,1,0,0,0,0,0,0,0,0,0,1,0,0,0
9361,0.66,0.84,0.42857142857142855,0.5483870967741935,0.4,0,0,0,0,0,0,0,0,0,0,1,0,0,1,0,0
9529,0.51,0.88,0.7142857142857143,0.7258064516129032,0.2,1,0,1,0,0,0,0,0,0,0,0,0,0,1,0,0
4821,0.71,0.88,0.5714285714285714,0.8580645161290322,0.3,0,0,0,0,0,0,0,0,0,1,0,0,1,0,0,0
3641,0.17,0.84,0.7142857142857143,0.6967741935483871,0.4,0,0,0,0,0,0,0,0,0,0,1,0,0,0,1,0
10785,0.94,0.86,0.42857142857142855,0.7129032258064516,0.3,1,0,0,0,0,0,0,0,0,1,0,0,0,0,1,0
13785,0.49,0.52,0.5714285714285714,0.5193548387096775,0.7,0,0,0,0,0,0,1,0,0,0,0,0,1,0,0,0
7739,0.61,0.95,0.5714285714285714,0.6161290322580645,0.2,0,0,0,0,0,1,0,0,0,0,0,0,0,1,0,0
5295,0.73,0.66,0.42857142857142855,0.7870967741935484,0.3,0,0,0,0,1,0,0,0,0,0,0,0,0,1,0,0
3364,0.15,0.84,0.5714285714285714,0.8870967741935484,0.5,0,0,0,0,0,0,0,1,0,0,0,0,0,1,0,0
13174,0.6,0.6,0.5714285714285714,0.47419354838709676,0.3,0,0,0,0,0,0,0,0,0,0,1,0,0,1,0,0
9022,0.78,0.93,0.5714285714285714,0.5193548387096775,0.3,0,0,0,0,0,0,0,0,0,1,0,0,0,1,0,0
2158,0.55,0.81,0.5714285714285714,0.8387096774193549,0.2,0,0,0,0,0,0,0,0,0,1,0,0,0,1,0,0
4987,0.59,0.62,0.42857142857142855,0.7064516129032258,0.3,0,0,0,0,0,0,0,0,0,1,0,0,0,1,0,0
12158,0.39,0.5,0.2857142857142857,0.43870967741935485,0.3,0,0,0,0,0,0,1,0,0,0,0,0,0,1,0,1
7684,0.32,0.55,0.5714285714285714,0.5387096774193548,0.5,0,0,0,0,0,0,0,0,0,0,1,0,0,0,1,0
5509,0.96,0.93,0.7142857142857143,0.45483870967741935,0.2,1,0,0,0,0,0,0,0,0,1,0,0,0,0,1,0
3324,0.86,0.82,0.2857142857142857,0.667741935483871,0.4,1,0,0,0,0,0,0,0,0,0,0,1,0,1,0,0
4311,0.62,0.51,0.42857142857142855,0.7161290322580646,0.3,1,0,0,0,0,0,0,0,0,0,0,1,0,0,1,0
9010,0.6,0.7,0.7142857142857143,0.7387096774193549,0.2,0,0,0,0,0,0,0,0,0,0,0,1,0,0,1,0
10366,0.61,0.46,0.42857142857142855,0.5516129032258065,0.3,0,0,1,0,0,0,0,0,0,0,0,0,0,0,1,0
1435,0.43,0.45,0.2857142857142857,0.47096774193548385,0.3,0,0,1,0,0,0,0,0,0,0,0,0,0,0,1,1
1903,0.85,0.87,0.5714285714285714,0.8806451612903226,0.5,0,0,0,1,0,0,0,0,0,0,0,0,0,0,1,1
7679,0.71,0.96,0.5714285714285714,0.42258064516129035,0.3,0,0,0,0,0,0,0,0,0,0,1,0,0,0,1,0
3534,0.59,0.66,0.42857142857142855,0.6,0.3,0,0,0,0,0,0,0,0,0,1,0,0,0,0,1,0
2026,0.56,0.86,0.5714285714285714,0.6483870967741936,0.3,1,0,0,0,0,0,0,0,0,0,0,1,0,0,1,0
9421,0.69,0.75,0.5714285714285714,0.8032258064516129,0.4,0,0,0,0,0,1,0,0,0,0,0,0,0,0,1,0
8389,0.66,0.85,0.8571428571428571,0.532258064516129,0.5,0,0,0,0,0,0,0,0,1,0,0,0,0,0,1,0
11348,0.14,0.76,0.5714285714285714,0.45806451612903226,1.0,0,0,0,0,0,0,1,0,0,0,0,0,1,0,0,0
6901,1.0,0.52,0.5714285714285714,0.5516129032258065,0.4,0,0,0,0,0,1,0,0,0,0,0,0,0,0,1,0
14858,0.46,0.5,0.2857142857142857,0.4870967741935484,0.3,0,0,0,0,0,0,0,0,0,0,0,1,0,0,1,1
14972,0.11,0.97,0.8571428571428571,1.0,0.4,0,0,0,0,1,0,0,0,0,0,0,0,0,0,1,1
12291,0.87,0.84,0.7142857142857143,0.7451612903225806,0.5,0,0,1,0,0,0,0,0,0,0,0,0,0,1,0,1
1269,0.45,0.55,0.2857142857142857,0.4161290322580645,0.3,0,0,0,0,0,0,0,0,0,0,1,0,0,0,1,1
9531,0.89,0.69,0.5714285714285714,0.5483870967741935,0.3,0,0,0,0,0,0,0,0,1,0,0,0,0,1,0,0
7641,0.71,0.77,0.42857142857142855,0.4806451612903226,0.2,0,0,0,0,0,0,0,0,0,1,0,0,0,0,1,0
7244,0.14,0.99,0.8571428571428571,0.8096774193548387,0.4,0,0,0,0,0,0,0,0,1,0,0,0,0,1,0,0
13199,0.32,0.86,0.5714285714285714,0.8580645161290322,0.4,0,0,0,1,0,0,0,0,0,0,0,0,0,1,0,0
4434,0.66,0.68,0.5714285714285714,0.49032258064516127,0.3,0,0,0,0,0,0,0,1,0,0,0,0,1,0,0,0
5131,0.91,0.99,0.7142857142857143,0.7354838709677419,0.4,1,0,0,0,0,0,0,0,0,1,0,0,0,1,0,0
4451,0.87,0.68,0.7142857142857143,0.603225806451613,0.3,0,0,0,0,0,0,0,0,0,1,0,0,0,1,0,0
3311,0.82,0.75,0.42857142857142855,0.7419354838709677,0.4,1,0,0,0,1,0,0,0,0,0,0,0,0,0,1,0
2989,0.44,0.9,0.5714285714285714,0.3774193548387097,0.3,0,0,0,0,0,0,0,0,0,1,0,0,0,0,1,0
8133,0.94,0.73,0.42857142857142855,0.4967741935483871,0.3,0,0,0,0,0,0,0,0,0,0,0,1,0,1,0,0
10953,0.66,0.76,0.42857142857142855,0.5483870967741935,0.3,0,0,0,0,0,0,0,0,0,0,0,1,0,1,0,0
959,0.1,0.94,1.0,0.9064516129032258,0.4,0,0,0,0,0,0,0,0,0,0,0,1,0,0,1,1
6362,0.61,0.53,0.5714285714285714,0.8580645161290322,0.3,0,0,0,0,1,0,0,0,0,0,0,0,0,0,1,0
1505,0.37,0.46,0.2857142857142857,0.5064516129032258,0.3,0,0,0,0,0,0,0,0,0,0,1,0,0,0,1,1
6984,0.87,0.94,0.42857142857142855,0.7,0.3,0,0,0,0,0,0,0,0,0,0,0,1,0,0,1,0
13133,0.18,0.81,0.5714285714285714,0.47419354838709676,0.4,0,0,0,0,0,0,0,1,0,0,0,0,0,1,0,0
4827,0.74,0.83,0.5714285714285714,0.5483870967741935,0.2,0,0,0,0,0,0,0,0,0,1,0,0,0,1,0,0
10830,0.59,0.39,0.7142857142857143,0.6451612903225806,0.4,0,0,0,0,0,0,0,0,1,0,0,0,0,0,1,0
11482,0.87,0.97,0.7142857142857143,0.4870967741935484,0.3,0,0,0,1,0,0,0,0,0,0,0,0,0,0,1,0
2717,0.74,0.69,0.42857142857142855,0.7419354838709677,0.2,0,0,0,0,0,0,0,0,0,0,1,0,0,0,1,0
13499,0.69,0.76,0.42857142857142855,0.5612903225806452,0.6,0,0,0,0,0,0,0,0,0,1,0,0,0,0,1,0
14784,0.36,0.47,0.2857142857142857,0.4774193548387097,0.3,0,0,0,0,0,0,0,0,0,0,0,1,0,0,1,1
10135,1.0,0.56,0.7142857142857143,0.7967741935483871,0.3,0,0,0,0,0,0,0,0,0,0,0,1,0,1,0,0
7054,0.22,0.64,0.8571428571428571,0.8387096774193549,0.4,0,0,0,0,0,1,0,0,0,0,0,0,1,0,0,0
124,0.46,0.49,0.2857142857142857,0.44516129032258067,0.3,0,0,0,0,0,0,0,0,0,0,1,0,0,1,0,1
8232,0.66,0.65,0.5714285714285714,0.7870967741935484,0.2,0,0,1,0,0,0,0,0,0,0,0,0,0,0,1,0
583,0.44,0.56,0.2857142857142857,0.46774193548387094,0.3,0,0,0,0,0,0,0,0,0,0,1,0,0,0,1,1
5542,0.81,0.77,0.7142857142857143,0.8032258064516129,0.2,0,0,0,0,0,0,0,0,0,0,1,0,0,1,0,0
362,0.41,0.54,0.2857142857142857,0.46774193548387094,0.3,0,0,0,0,0,0,0,0,0,0,1,0,0,1,0,1
3494,0.92,0.93,0.5714285714285714,0.7967741935483871,0.2,0,0,0,0,0,0,1,0,0,0,0,0,0,0,1,0
6135,0.68,0.83,0.42857142857142855,0.4645161290322581,0.2,0,0,0,0,1,0,0,0,0,0,0,0,0,0,1,0
5596,0.62,0.98,0.5714285714285714,0.34516129032258064,0.2,0,0,0,0,0,0,0,0,0,1,0,0,0,1,0,0
11055,0.45,0.48,0.42857142857142855,0.46774193548387094,0.2,0,0,0,0,0,0,0,0,0,0,1,0,0,0,1,0
6268,0.96,0.51,0.5714285714285714,0.7645161290322581,0.3,0,0,0,0,0,0,0,0,0,1,0,0,0,1,0,0
14533,0.61,0.47,0.2857142857142857,0.8161290322580645,0.3,0,0,0,0,0,0,0,0,0,1,0,0,0,1,0,1
4318,0.84,0.9,0.5714285714285714,0.7645161290322581,0.2,0,0,0,0,0,0,0,0,0,0,0,1,0,1,0,0
3930,0.89,0.52,0.42857142857142855,0.5290322580645161,0.3,0,0,0,0,0,0,0,0,0,0,0,1,1,0,0,0
6898,0.36,0.4,0.42857142857142855,0.5161290322580645,0.3,0,0,0,0,1,0,0,0,0,0,0,0,0,0,1,0
6711,0.76,0.62,0.5714285714285714,0.6129032258064516,0.3,0,0,0,1,0,0,0,0,0,0,0,0,0,0,1,0
1391,0.72,1.0,0.5714285714285714,0.5451612903225806,0.3,0,0,0,0,0,0,0,0,0,1,0,0,0,0,1,1
11878,0.68,0.66,0.42857142857142855,0.7677419354838709,0.2,0,0,0,0,0,0,1,0,0,0,0,0,0,0,1,0
8154,0.9,0.67,0.42857142857142855,0.532258064516129,0.2,0,0,1,0,0,0,0,0,0,0,0,0,1,0,0,0
392,0.84,1.0,0.5714285714285714,0.8419354838709677,0.5,0,0,0,0,0,0,0,0,0,1,0,0,0,1,0,1
4577,0.5,0.48,0.42857142857142855,0.7935483870967742,0.3,0,0,0,1,0,0,0,0,0,0,0,0,0,0,1,0
13557,0.98,0.7,0.42857142857142855,0.4935483870967742,1.0,0,0,0,0,0,0,1,0,0,0,0,0,1,0,0,0
1151,0.79,0.96,0.5714285714285714,0.7548387096774194,0.5,0,0,0,0,0,0,0,1,0,0,0,0,0,1,0,1
1673,0.86,1.0,0.5714285714285714,0.7483870967741936,0.5,0,0,0,0,0,0,0,0,1,0,0,0,0,0,1,1
11244,0.82,0.82,0.42857142857142855,0.5290322580645161,0.3,0,0,0,0,0,0,0,0,0,0,0,1,1,0,0,0
5159,0.65,0.66,0.7142857142857143,0.532258064516129,0.3,0,0,0,0,0,0,0,0,0,0,1,0,0,0,1,0
10825,0.73,0.93,0.42857142857142855,0.8032258064516129,0.2,0,0,1,0,0,0,0,0,0,0,0,0,0,0,1,0
5629,0.77,0.58,0.5714285714285714,0.5225806451612903,0.2,0,0,0,0,0,0,0,0,0,0,1,0,0,0,1,0
12097,0.1,0.84,0.8571428571428571,0.9,0.4,0,0,0,0,0,0,0,0,0,1,0,0,0,1,0,1
552,0.82,0.85,0.7142857142857143,0.8,0.5,0,0,0,0,0,0,0,0,0,1,0,0,0,1,0,1
11008,0.92,0.99,0.42857142857142855,0.567741935483871,0.8,0,0,0,0,0,0,0,0,0,1,0,0,0,0,1,0
14502,0.87,0.84,0.7142857142857143,0.7451612903225806,0.5,0,0,1,0,0,0,0,0,0,0,0,0,0,1,0,1
9183,0.77,0.84,0.5714285714285714,0.632258064516129,0.3,0,0,0,0,0,0,0,0,0,1,0,0,0,1,0,0
12941,0.74,0.83,0.5714285714285714,0.6774193548387096,0.3,0,0,0,0,0,0,0,0,0,0,1,0,0,1,0,0
9268,0.54,0.48,0.8571428571428571,0.632258064516129,0.2,0,0,0,0,0,1,0,0,0,0,0,0,0,0,1,0
6716,0.62,0.68,0.5714285714285714,0.8096774193548387,0.4,0,0,0,0,0,0,0,1,0,0,0,0,0,0,1,0
1628,0.4,0.54,0.2857142857142857,0.5032258064516129,0.3,0,0,0,0,0,0,0,0,0,1,0,0,0,0,1,1
4586,0.77,0.97,0.42857142857142855,0.5935483870967742,0.3,1,0,0,0,0,0,0,1,0,0,0,0,0,0,1,0
494,0.84,1.0,0.7142857142857143,0.7032258064516129,0.5,0,0,0,0,0,0,0,0,0,0,0,1,0,0,1,1
14607,0.46,0.57,0.2857142857142857,0.4483870967741935,0.3,0,0,0,0,0,0,0,0,0,1,0,0,0,1,0,1
5704,0.59,0.7,0.2857142857142857,0.4935483870967742,0.2,0,0,0,0,0,0,0,0,0,0,1,0,0,0,1,0
3760,0.76,0.72,0.7142857142857143,0.7354838709677419,0.2,0,0,0,0,0,0,0,0,0,1,0,0,1,0,0,0
12894,0.73,0.48,0.5714285714285714,0.4483870967741935,0.2,0,0,0,1,0,0,0,0,0,0,0,0,0,1,0,0
767,0.44,0.54,0.2857142857142857,0.4096774193548387,0.3,0,0,0,0,0,0,1,0,0,0,0,0,0,0,1,1
2693,0.73,0.58,0.7142857142857143,0.7419354838709677,0.3,0,0,0,0,0,0,0,0,0,1,0,0,0,1,0,0
12670,0.11,0.95,0.8571428571428571,0.7903225806451613,0.4,0,0,0,0,0,0,1,0,0,0,0,0,0,1,0,1
4711,0.73,0.5,0.5714285714285714,0.7225806451612903,0.4,1,0,0,0,0,0,0,0,0,0,1,0,0,1,0,0
1902,0.9,0.92,0.5714285714285714,0.8741935483870967,0.5,0,0,1,0,0,0,0,0,0,0,0,0,0,0,1,1
8923,0.83,0.56,0.42857142857142855,0.6,0.3,0,0,0,0,0,0,0,0,1,0,0,0,0,0,1,0
14100,0.38,0.49,0.5714285714285714,0.632258064516129,0.3,0,1,0,0,0,0,1,0,0,0,0,0,1,0,0,0
2599,0.48,0.89,0.7142857142857143,0.5774193548387097,0.3,0,0,0,0,0,0,1,0,0,0,0,0,0,0,1,0
3180,0.77,0.62,0.42857142857142855,0.7032258064516129,0.2,0,0,0,0,0,0,0,0,0,0,1,0,0,0,1,0
12882,0.37,0.51,0.2857142857142857,0.4935483870967742,0.3,0,0,1,0,0,0,0,0,0,0,0,0,1,0,0,0
4623,0.39,0.99,0.8571428571428571,0.7580645161290323,0.6,0,0,0,0,0,0,0,0,0,0,0,1,0,0,1,0
8190,0.42,0.5,0.7142857142857143,0.9225806451612903,0.4,0,0,0,0,0,0,0,0,0,1,0,0,1,0,0,0
12326,0.37,0.52,0.2857142857142857,0.5064516129032258,0.3,0,0,0,0,0,0,0,0,0,1,0,0,0,1,0,1
13697,0.68,0.99,0.42857142857142855,0.5129032258064516,0.2,0,0,0,0,1,0,0,0,0,0,0,0,0,0,1,0
12611,0.39,0.53,0.2857142857142857,0.4096774193548387,0.3,0,0,0,0,0,0,0,0,0,1,0,0,0,0,1,1
297,0.4,0.52,0.2857142857142857,0.47419354838709676,0.3,0,0,0,0,0,0,0,0,1,0,0,0,0,0,1,1
11658,0.66,0.78,0.5714285714285714,0.5193548387096775,0.6,0,0,1,0,0,0,0,0,0,0,0,0,0,1,0,0
13701,0.64,0.87,0.5714285714285714,0.5064516129032258,0.7,0,0,0,0,0,0,0,1,0,0,0,0,0,1,0,0
9869,0.77,0.71,0.7142857142857143,0.6580645161290323,0.3,0,0,0,0,0,0,0,0,0,1,0,0,1,0,0,0
12853,0.76,0.7,0.42857142857142855,0.43870967741935485,0.2,0,0,0,0,0,1,0,0,0,0,0,0,1,0,0,0
5917,0.53,0.71,0.5714285714285714,0.7322580645161291,0.3,0,0,0,0,0,0,0,0,0,0,0,1,0,1,0,0
11660,0.52,0.69,0.7142857142857143,0.6709677419354839,0.8,1,0,0,1,0,0,0,0,0,0,0,0,0,1,0,0
4208,0.96,0.84,0.5714285714285714,0.8774193548387097,0.4,1,0,0,0,0,0,0,0,0,1,0,0,0,0,1,0
9915,0.97,0.76,0.8571428571428571,0.45806451612903226,0.2,0,0,0,0,0,0,0,0,1,0,0,0,0,1,0,0
2538,0.79,0.76,0.42857142857142855,0.5161290322580645,0.3,0,0,0,0,0,0,0,0,0,1,0,0,0,1,0,0
5258,0.66,0.6,0.42857142857142855,0.8451612903225807,0.2,1,0,1,0,0,0,0,0,0,0,0,0,0,1,0,0
2274,0.92,0.92,0.42857142857142855,0.5129032258064516,0.3,0,0,1,0,0,0,0,0,0,0,0,0,0,1,0,0
14704,0.1,0.94,0.8571428571428571,0.9967741935483871,0.4,0,0,0,0,0,0,0,0,0,0,0,1,0,0,1,1
2219,0.28,0.55,0.5714285714285714,0.6709677419354839,0.4,0,0,0,0,0,0,0,1,0,0,0,0,0,0,1,0
22,0.09,0.95,0.8571428571428571,0.9806451612903225,0.4,0,0,0,0,0,0,0,0,0,1,0,0,0,1,0,1
11801,0.9,0.56,0.42857142857142855,0.4870967741935484,0.3,0,0,0,0,0,0,0,0,0,1,0,0,0,0,1,0
6150,0.67,0.66,0.42857142857142855,0.4870967741935484,0.3,0,0,0,0,0,0,0,0,0,0,0,1,0,1,0,0
8022,0.98,0.98,0.7142857142857143,0.6774193548387096,0.6,0,0,0,0,0,0,0,0,0,1,0,0,0,1,0,0
1700,0.38,0.45,0.2857142857142857,0.4258064516129032,0.3,0,0,0,0,0,0,0,0,0,1,0,0,0,0,1,1
13872,0.44,0.66,0.8571428571428571,0.432258064516129,0.8,0,0,0,1,0,0,0,0,0,0,0,0,1,0,0,0
11678,0.27,0.42,0.8571428571428571,0.5580645161290323,0.7,0,0,0,0,0,0,0,0,0,1,0,0,0,0,1,0
13773,0.76,0.79,0.42857142857142855,0.7967741935483871,0.3,0,0,0,0,0,0,0,0,0,1,0,0,0,1,0,0
13820,0.88,0.58,0.42857142857142855,0.46774193548387094,0.8,0,0,0,0,0,0,0,0,0,1,0,0,0,1,0,0
12801,0.56,0.83,0.42857142857142855,0.7612903225806451,0.3,1,0,0,0,0,0,0,0,0,0,0,1,0,0,1,0
6520,0.2,0.7,0.5714285714285714,0.7129032258064516,0.5,0,0,0,0,0,1,0,0,0,0,0,0,0,0,1,0
9224,0.49,0.86,0.5714285714285714,0.7935483870967742,0.2,0,0,0,0,0,0,0,0,1,0,0,0,0,0,1,0
11180,0.92,0.93,0.5714285714285714,0.7258064516129032,0.2,0,1,0,1,0,0,0,0,0,0,0,0,0,0,1,0
11404,0.69,0.58,0.5714285714285714,0.4806451612903226,0.3,0,1,0,0,0,0,0,1,0,0,0,0,0,0,1,0
3506,0.21,0.42,0.5714285714285714,0.867741935483871,0.4,1,0,0,1,0,0,0,0,0,0,0,0,0,0,1,0
5670,0.58,0.79,0.5714285714285714,0.4806451612903226,0.6,0,0,0,0,0,0,0,0,0,1,0,0,0,0,1,0
7347,0.3,0.47,0.8571428571428571,0.45483870967741935,0.6,0,0,0,0,0,0,0,0,0,1,0,0,0,1,0,0
1104,0.11,0.89,0.8571428571428571,0.8193548387096774,0.4,0,0,0,0,0,0,0,0,0,0,0,1,0,1,0,1
5289,0.8,0.85,0.42857142857142855,0.43548387096774194,0.2,0,0,0,0,0,0,0,0,0,1,0,0,0,0,1,0
1690,0.45,0.68,0.5714285714285714,0.6838709677419355,0.4,1,0,0,0,0,0,0,0,0,1,0,0,0,1,0,1
12622,0.1,0.55,0.2857142857142857,0.7967741935483871,0.4,0,0,0,0,0,0,0,0,0,1,0,0,0,0,1,1
13831,0.63,0.65,0.42857142857142855,0.6129032258064516,1.0,0,0,0,0,0,0,0,0,0,1,0,0,0,0,1,0
13418,0.49,0.65,0.5714285714285714,0.7516129032258064,0.7,0,0,0,0,0,0,0,0,0,1,0,0,0,0,1,0
11725,0.16,0.63,0.8571428571428571,0.9225806451612903,0.7,0,1,0,0,0,0,0,0,0,1,0,0,0,0,1,0
13596,0.67,0.67,0.5714285714285714,0.45483870967741935,0.2,1,0,0,0,0,0,0,0,0,1,0,0,0,1,0,0
6295,0.63,0.53,0.5714285714285714,0.7838709677419354,0.2,0,0,0,0,0,0,0,0,0,0,0,1,0,1,0,0
6538,0.75,0.84,0.42857142857142855,0.46774193548387094,0.3,1,0,0,0,0,0,0,0,0,0,1,0,0,1,0,0
13960,0.49,0.88,0.5714285714285714,0.7741935483870968,0.8,0,0,0,0,0,0,0,0,1,0,0,0,0,0,1,0
2668,0.91,0.95,0.42857142857142855,0.8096774193548387,0.3,0,0,0,1,0,0,0,0,0,0,0,0,0,1,0,0
6159,0.63,0.97,0.7142857142857143,0.47096774193548385,0.3,0,0,0,0,0,0,0,0,0,0,1,0,0,1,0,0
4427,0.69,0.85,0.42857142857142855,0.6451612903225806,0.2,0,0,0,1,0,0,0,0,0,0,0,0,0,0,1,0
4912,0.66,0.63,0.7142857142857143,0.8516129032258064,0.5,0,0,0,0,1,0,0,0,0,0,0,0,0,1,0,0
4647,0.48,0.38,0.42857142857142855,0.432258064516129,0.3,0,0,0,0,0,0,0,0,1,0,0,0,0,0,1,0
9,0.42,0.53,0.2857142857142857,0.45806451612903226,0.3,0,0,0,0,0,0,0,0,0,1,0,0,0,1,0,1
7997,0.61,0.86,0.5714285714285714,0.4935483870967742,0.5,0,0,1,0,0,0,0,0,0,0,0,0,0,0,1,0
11914,0.74,0.7,0.5714285714285714,0.8806451612903226,0.3,0,0,0,0,0,0,0,0,0,1,0,0,0,0,1,0
4926,0.69,0.49,0.42857142857142855,0.6387096774193548,0.4,0,0,0,0,0,0,0,0,0,0,0,1,0,0,1,0
13803,0.95,0.84,0.42857142857142855,0.7741935483870968,0.7,0,0,0,0,0,0,0,0,0,1,0,0,0,0,1,0
7343,0.54,0.61,0.42857142857142855,0.49032258064516127,0.3,0,0,0,0,0,0,0,0,0,1,0,0,0,0,1,0
6587,0.75,0.72,0.7142857142857143,0.8387096774193549,0.3,0,0,0,0,0,0,0,0,0,1,0,0,0,1,0,0
4849,0.73,0.86,0.5714285714285714,0.5774193548387097,0.3,0,0,0,0,0,0,0,0,0,0,0,1,0,0,1,0
9447,0.69,0.83,0.7142857142857143,0.7258064516129032,0.3,0,0,0,0,0,0,1,0,0,0,0,0,0,1,0,0
14334,0.11,0.84,0.8571428571428571,0.967741935483871,0.5,1,0,0,0,0,0,0,0,0,0,1,0,0,1,0,1
5742,0.64,0.86,0.7142857142857143,0.7161290322580646,0.3,0,0,0,0,0,0,0,0,0,1,0,0,0,0,1,0
13349,0.75,0.93,0.42857142857142855,0.7967741935483871,0.2,0,0,0,0,0,0,0,0,0,0,0,1,1,0,0,0
3810,0.19,0.8,0.8571428571428571,0.4612903225806452,0.4,0,0,0,1,0,0,0,0,0,0,0,0,0,0,1,0
14964,0.1,0.97,0.8571428571428571,0.9032258064516129,0.4,0,0,0,0,0,0,0,0,0,1,0,0,0,1,0,1
14745,0.75,0.85,0.7142857142857143,0.7741935483870968,0.6,1,0,0,0,0,0,0,1,0,0,0,0,0,0,1,1
11439,0.77,0.99,0.5714285714285714,0.8387096774193549,0.3,0,0,0,0,0,0,0,0,0,1,0,0,0,0,1,0
254,0.6,0.92,0.2857142857142857,0.832258064516129,0.5,0,0,0,0,0,0,0,0,0,1,0,0,0,1,0,1
10064,0.61,0.84,0.5714285714285714,0.8548387096774194,0.2,0,0,1,0,0,0,0,0,0,0,0,0,0,1,0,0
8691,0.49,0.57,0.42857142857142855,0.5064516129032258,0.3,0,0,1,0,0,0,0,0,0,0,0,0,0,0,1,0
2096,0.86,1.0,0.5714285714285714,0.8258064516129032,0.3,0,0,0,0,0,0,0,0,0,0,0,1,0,0,1,0
3518,0.15,0.76,0.7142857142857143,0.8935483870967742,0.4,0,0,0,0,0,0,0,1,0,0,0,0,0,1,0,0
10473,0.64,0.72,0.5714285714285714,0.49032258064516127,0.3,1,0,0,0,0,0,0,0,0,1,0,0,0,0,1,0
13583,0.98,0.74,0.42857142857142855,0.5967741935483871,0.3,0,0,0,0,0,0,0,0,0,1,0,0,0,0,1,0
5488,0.69,0.74,0.2857142857142857,0.8741935483870967,0.2,0,0,0,0,0,0,0,0,1,0,0,0,0,1,0,0
1540,0.42,0.47,0.2857142857142857,0.46774193548387094,0.3,0,0,0,0,0,0,0,0,0,1,0,0,0,1,0,1
14580,0.1,0.82,0.8571428571428571,0.8580645161290322,0.4,0,0,1,0,0,0,0,0,0,0,0,0,0,1,0,1
2822,0.82,0.99,0.7142857142857143,0.8129032258064516,0.3,1,0,0,1,0,0,0,0,0,0,0,0,0,1,0,0
11260,0.74,0.6,0.5714285714285714,0.8838709677419355,1.0,1,0,0,0,0,0,1,0,0,0,0,0,0,0,1,0
3758,0.81,0.8,0.5714285714285714,0.7322580645161291,0.2,1,0,0,0,0,0,0,0,0,1,0,0,0,1,0,0
9633,0.23,0.84,0.7142857142857143,0.42258064516129035,0.5,0,0,0,0,0,0,0,0,0,1,0,0,0,1,0,0
8033,0.55,0.97,0.5714285714285714,0.7161290322580646,0.4,0,0,0,0,0,0,0,0,0,1,0,0,0,0,1,0
14217,0.1,0.77,0.8571428571428571,0.7967741935483871,0.4,0,0,0,0,0,0,0,0,0,1,0,0,0,1,0,1
2598,0.5,0.93,0.8571428571428571,0.4838709677419355,0.3,1,0,0,0,0,0,0,0,0,0,0,1,0,0,1,0
7755,0.66,0.72,0.42857142857142855,0.43548387096774194,0.2,0,0,0,0,0,0,0,0,0,0,1,0,0,0,1,0
5188,0.71,0.94,0.5714285714285714,0.7935483870967742,0.3,0,0,0,0,0,0,0,1,0,0,0,0,0,1,0,0
13520,0.55,0.4,0.42857142857142855,0.5096774193548387,0.3,0,0,0,0,0,1,0,0,0,0,0,0,0,1,0,0
12261,0.82,0.97,0.7142857142857143,0.8483870967741935,0.5,0,0,0,0,0,1,0,0,0,0,0,0,0,0,1,1
11832,0.71,0.66,0.7142857142857143,0.603225806451613,0.2,0,0,0,0,0,0,0,0,0,1,0,0,0,0,1,0
6374,0.69,0.97,0.7142857142857143,0.7741935483870968,0.4,0,0,0,0,0,0,0,0,0,0,0,1,0,0,1,0
14308,0.1,0.84,0.8571428571428571,0.9,0.4,0,0,0,0,0,0,0,0,0,1,0,0,0,1,0,1
12197,0.1,0.91,0.8571428571428571,0.9258064516129032,0.4,0,0,0,0,0,0,0,0,0,0,0,1,0,1,0,1
4468,0.96,0.85,0.5714285714285714,0.6451612903225806,0.4,0,0,0,0,0,0,0,0,0,0,0,1,0,0,1,0
10658,0.63,0.78,0.5714285714285714,0.8870967741935484,0.3,0,0,0,0,0,0,0,0,0,0,1,0,0,1,0,0
14563,0.91,0.91,0.5714285714285714,0.8451612903225807,0.6,0,0,0,0,0,0,0,0,0,0,1,0,0,1,0,1
2786,0.88,0.52,0.5714285714285714,0.535483870967742,0.2,0,0,0,0,0,0,0,0,0,0,0,1,0,1,0,0
10295,0.67,0.74,0.42857142857142855,0.7290322580645161,0.3,0,0,0,0,0,0,0,0,1,0,0,0,0,1,0,0
14350,0.73,0.87,0.7142857142857143,0.8290322580645161,0.5,0,0,1,0,0,0,0,0,0,0,0,0,0,1,0,1
8817,0.73,0.64,0.42857142857142855,0.6516129032258065,0.4,0,0,0,0,0,0,0,0,0,0,0,1,1,0,0,0
5355,0.14,0.96,0.42857142857142855,0.632258064516129,0.5,1,0,0,0,0,0,0,0,0,1,0,0,0,0,1,0
6314,0.98,1.0,0.5714285714285714,0.6516129032258065,0.3,0,0,0,0,0,0,0,0,0,0,1,0,0,1,0,0
2997,0.72,0.47,0.7142857142857143,0.5419354838709678,0.6,0,0,0,0,0,0,0,0,0,1,0,0,1,0,0,0
4487,0.29,0.77,0.42857142857142855,0.49032258064516127,0.3,1,0,0,0,0,0,0,0,0,0,0,1,0,1,0,0
11884,0.61,0.49,0.42857142857142855,0.8870967741935484,0.2,0,0,0,0,0,0,0,0,1,0,0,0,0,1,0,0
6687,0.79,0.66,0.5714285714285714,0.4483870967741935,0.4,0,0,0,0,0,0,0,0,0,0,1,0,0,1,0,0
9443,0.57,0.83,0.7142857142857143,0.6096774193548387,0.3,0,0,0,0,0,0,0,0,0,0,1,0,0,1,0,0
10264,0.53,0.57,0.7142857142857143,0.45483870967741935,0.3,1,0,0,0,0,0,0,0,0,0,0,1,1,0,0,0
1826,0.1,0.86,0.8571428571428571,0.7967741935483871,0.4,0,0,1,0,0,0,0,0,0,0,0,0,0,0,1,1
9789,0.92,0.91,0.42857142857142855,0.6516129032258065,0.2,0,0,0,0,0,0,0,0,0,1,0,0,0,0,1,0
13407,0.22,0.7,0.2857142857142857,0.8838709677419355,1.0,0,0,0,0,0,0,0,0,0,1,0,0,1,0,0,0
5482,0.41,0.57,0.42857142857142855,0.6225806451612903,0.3,1,0,1,0,0,0,0,0,0,0,0,0,0,0,1,0
3019,0.62,0.79,0.5714285714285714,0.6967741935483871,0.2,1,0,0,0,0,0,0,0,0,0,0,1,0,1,0,0
8011,0.66,0.93,0.5714285714285714,0.603225806451613,0.2,0,0,0,1,0,0,0,0,0,0,0,0,0,1,0,0
6971,0.81,0.77,0.7142857142857143,0.32903225806451614,0.5,0,0,0,0,0,0,0,0,0,1,0,0,0,0,1,0
14487,0.1,0.97,0.8571428571428571,0.8612903225806452,0.4,1,0,0,0,0,0,0,0,0,0,1,0,0,1,0,1
5300,0.94,0.69,0.2857142857142857,0.6387096774193548,0.3,0,0,0,0,0,0,0,0,0,0,0,1,0,1,0,0
2336,0.59,0.65,0.42857142857142855,0.7290322580645161,0.3,0,0,0,0,0,0,0,0,0,0,1,0,0,0,1,0
13877,0.98,0.99,0.5714285714285714,0.8419354838709677,1.0,1,0,0,0,0,0,0,0,0,1,0,0,0,1,0,0
9782,0.51,0.79,0.42857142857142855,0.44193548387096776,0.3,0,0,0,0,0,0,0,0,0,1,0,0,0,0,1,0
9651,0.16,0.56,0.7142857142857143,0.49032258064516127,0.5,0,0,0,0,0,1,0,0,0,0,0,0,0,0,1,0
8264,0.84,0.74,0.42857142857142855,0.7548387096774194,0.3,1,0,0,0,0,0,0,0,0,1,0,0,0,0,1,0
3830,0.83,0.73,0.7142857142857143,0.43870967741935485,0.3,0,0,0,0,0,0,0,0,0,1,0,0,0,1,0,0
13168,0.82,0.53,0.42857142857142855,0.47419354838709676,0.3,1,0,0,0,0,0,0,0,0,0,0,1,0,1,0,0
8549,0.66,0.84,0.7142857142857143,0.603225806451613,0.2,1,0,0,1,0,0,0,0,0,0,0,0,0,1,0,0
301,0.12,1.0,0.42857142857142855,0.896774193548387,0.4,0,0,0,1,0,0,0,0,0,0,0,0,0,0,1,1
13400,0.48,0.67,0.42857142857142855,0.5903225806451613,0.2,0,0,0,0,0,0,0,0,0,0,0,1,0,1,0,0
11568,0.57,0.69,0.42857142857142855,0.6838709677419355,0.8,0,0,0,0,0,0,0,0,1,0,0,0,0,1,0,0
14058,0.62,0.76,0.7142857142857143,0.6387096774193548,0.3,0,0,0,0,0,0,0,0,0,1,0,0,0,1,0,0
12076,0.1,0.83,0.8571428571428571,0.9516129032258065,0.4,0,0,0,0,0,0,0,0,1,0,0,0,0,0,1,1
7376,0.24,0.38,0.8571428571428571,0.35161290322580646,0.2,0,0,0,0,0,0,0,0,0,0,1,0,0,0,1,0
8643,0.88,0.96,0.5714285714285714,0.8451612903225807,0.3,0,0,0,0,0,0,0,0,0,1,0,0,0,0,1,0
6246,0.8,0.68,0.5714285714285714,0.6419354838709678,0.2,0,0,1,0,0,0,0,0,0,0,0,0,0,0,1,0
3839,0.78,0.87,0.42857142857142855,0.6129032258064516,0.3,0,0,0,0,0,0,0,0,0,1,0,0,0,1,0,0
4302,0.66,1.0,0.7142857142857143,0.46774193548387094,0.2,0,0,0,0,0,0,0,0,0,1,0,0,0,1,0,0
7190,0.56,0.96,0.42857142857142855,0.7870967741935484,0.3,0,0,0,0,0,0,0,0,0,1,0,0,0,0,1,0
7280,0.61,0.82,0.42857142857142855,0.5064516129032258,0.2,0,0,0,0,1,0,0,0,0,0,0,0,0,1,0,0
7470,0.77,0.7,0.42857142857142855,0.46774193548387094,0.2,0,0,0,0,0,0,0,0,1,0,0,0,0,1,0,0
2658,0.76,0.98,0.2857142857142857,0.3580645161290323,0.2,0,0,1,0,0,0,0,0,0,0,0,0,0,1,0,0
8447,0.49,0.49,0.5714285714285714,0.8258064516129032,0.3,1,0,0,0,0,0,0,0,0,0,1,0,0,1,0,0
2100,0.56,0.94,0.5714285714285714,0.6935483870967742,0.2,0,0,0,0,0,0,0,0,0,0,0,1,1,0,0,0
3036,0.71,0.77,0.42857142857142855,0.46774193548387094,0.3,0,0,0,0,0,0,0,0,0,0,0,1,1,0,0,0
7162,0.99,0.71,0.42857142857142855,0.6161290322580645,0.3,0,0,1,0,0,0,0,0,0,0,0,0,0,1,0,0
10170,0.8,0.6,0.42857142857142855,0.6838709677419355,0.3,0,0,0,0,0,0,0,0,0,1,0,0,1,0,0,0
13224,0.51,0.8,0.5714285714285714,0.6387096774193548,0.6,0,0,0,0,0,0,0,1,0,0,0,0,0,0,1,0
7967,0.76,0.75,0.42857142857142855,0.7709677419354839,0.2,0,0,0,0,0,1,0,0,0,0,0,0,0,1,0,0
441,0.36,0.78,0.2857142857142857,0.4870967741935484,0.4,0,0,0,0,0,0,0,0,0,0,0,1,0,1,0,1
14501,0.4,0.46,0.2857142857142857,0.4129032258064516,0.3,0,0,0,0,0,0,1,0,0,0,0,0,0,1,0,1
206,0.77,0.99,0.7142857142857143,0.7354838709677419,0.5,0,0,0,0,0,0,0,0,0,0,1,0,0,1,0,1
8208,0.85,0.67,0.5714285714285714,0.5258064516129032,0.3,0,0,0,0,0,0,0,0,0,0,0,1,0,1,0,0
1134,0.46,0.51,0.2857142857142857,0.5,0.3,0,0,0,0,0,0,0,0,1,0,0,0,0,1,0,1
8238,0.63,0.62,0.5714285714285714,0.9225806451612903,0.5,1,0,0,1,0,0,0,0,0,0,0,0,0,1,0,0
10268,0.67,0.68,0.5714285714285714,0.8193548387096774,0.3,0,0,0,0,0,0,0,0,0,0,0,1,0,1,0,0
14136,0.42,0.69,0.42857142857142855,0.4064516129032258,0.2,0,0,0,0,0,0,0,0,0,1,0,0,0,1,0,0
12709,0.42,0.48,0.2857142857142857,0.45161290322580644,0.3,0,0,0,0,0,0,0,0,0,1,0,0,0,1,0,1
690,0.36,0.49,0.2857142857142857,0.46774193548387094,0.3,0,0,0,0,0,0,0,0,0,0,0,1,0,0,1,1
7980,0.63,0.58,0.5714285714285714,0.7612903225806451,0.2,0,0,0,0,0,0,0,0,0,0,0,1,1,0,0,0
1589,0.1,0.81,0.8571428571428571,0.9935483870967742,0.4,0,0,1,0,0,0,0,0,0,0,0,0,0,0,1,1
6781,0.8,0.73,0.42857142857142855,0.5419354838709678,0.2,0,0,1,0,0,0,0,0,0,0,0,0,0,1,0,0
13528,0.96,0.83,0.42857142857142855,0.5709677419354838,0.4,0,0,0,0,0,0,0,0,0,0,0,1,0,1,0,0
5288,0.94,0.7,0.42857142857142855,0.8741935483870967,0.4,0,0,0,0,0,0,0,0,0,1,0,0,0,0,1,0
2171,0.64,0.6,0.42857142857142855,0.4612903225806452,0.3,0,0,0,0,0,0,0,0,0,0,0,1,0,0,1,0
9305,0.54,0.55,0.5714285714285714,0.8129032258064516,0.3,0,0,0,1,0,0,0,0,0,0,0,0,0,0,1,0
12186,0.09,0.85,0.8571428571428571,0.9580645161290322,0.4,0,0,0,0,0,1,0,0,0,0,0,0,0,0,1,1
12910,0.79,0.49,0.42857142857142855,0.8806451612903226,0.3,0,0,0,0,0,0,0,0,0,1,0,0,0,0,1,0
11,0.11,0.81,0.8571428571428571,0.9838709677419355,0.4,0,0,0,0,0,0,0,0,0,1,0,0,0,1,0,1
12345,0.1,0.86,0.8571428571428571,0.896774193548387,0.4,0,0,0,0,0,0,0,0,0,0,0,1,1,0,0,1
14663,0.1,0.87,0.8571428571428571,0.9225806451612903,0.4,0,0,1,0,0,0,0,0,0,0,0,0,0,0,1,1
4261,0.91,0.68,0.5714285714285714,0.603225806451613,0.2,0,0,1,0,0,0,0,0,0,0,0,0,0,1,0,0
3811,0.95,0.61,0.42857142857142855,0.5290322580645161,0.3,0,0,0,1,0,0,0,0,0,0,0,0,0,0,1,0
13978,0.91,0.65,0.7142857142857143,0.6903225806451613,0.3,1,0,0,0,0,0,0,1,0,0,0,0,0,1,0,0
2060,0.7,0.53,0.5714285714285714,0.5741935483870968,0.2,0,0,0,0,0,0,0,1,0,0,0,0,0,0,1,0
5633,0.9,0.64,0.5714285714285714,0.4483870967741935,0.3,1,0,0,0,0,0,1,0,0,0,0,0,0,0,1,0
12041,0.45,0.48,0.2857142857142857,0.5096774193548387,0.3,0,0,0,0,0,0,0,0,0,0,0,1,0,1,0,1
10102,0.55,0.54,0.42857142857142855,0.6129032258064516,0.3,0,0,0,0,0,0,0,0,0,1,0,0,0,1,0,0
910,0.79,0.98,0.5714285714285714,0.8741935483870967,0.5,0,0,0,0,0,0,0,0,0,1,0,0,0,1,0,1
2830,0.84,0.92,0.5714285714285714,0.8838709677419355,0.3,0,0,0,0,0,0,1,0,0,0,0,0,0,0,1,0
8561,0.64,0.6,0.42857142857142855,0.632258064516129,0.3,0,0,0,0,0,0,0,0,0,1,0,0,0,1,0,0
5918,0.84,0.67,0.42857142857142855,0.4483870967741935,0.2,0,0,0,0,0,0,0,0,0,0,0,1,0,1,0,0
2950,0.5,0.73,0.5714285714285714,0.7645161290322581,0.2,0,0,0,0,0,0,0,0,0,0,1,0,0,0,1,0
13543,0.73,0.49,0.5714285714285714,0.7838709677419354,0.2,0,0,0,0,0,0,0,0,0,0,0,1,0,1,0,0
11760,0.32,0.48,0.5714285714285714,0.3774193548387097,1.0,0,1,0,0,0,0,0,1,0,0,0,0,0,0,1,0
1519,0.4,0.55,0.2857142857142857,0.42258064516129035,0.3,0,0,0,0,0,0,0,0,1,0,0,0,0,0,1,1
14545,0.1,0.81,0.8571428571428571,0.9354838709677419,0.4,0,0,0,0,1,0,0,0,0,0,0,0,0,0,1,1
7984,0.56,0.61,0.42857142857142855,0.8064516129032258,0.2,0,0,0,0,0,0,0,0,0,0,1,0,1,0,0,0
7540,0.5,0.98,0.7142857142857143,0.5709677419354838,0.4,0,0,0,0,0,0,1,0,0,0,0,0,0,0,1,0
1707,0.43,0.51,0.2857142857142857,0.42258064516129035,0.3,0,0,0,0,0,0,0,0,0,1,0,0,0,0,1,1
14775,0.41,0.53,0.2857142857142857,0.5064516129032258,0.3,0,0,0,0,1,0,0,0,0,0,0,0,0,1,0,1
11203,0.48,0.71,0.2857142857142857,0.5225806451612903,0.3,1,0,0,0,0,0,0,0,0,1,0,0,1,0,0,0
3191,0.79,0.6,0.7142857142857143,0.7580645161290323,0.2,0,0,1,0,0,0,0,0,0,0,0,0,0,0,1,0
9879,0.89,0.96,0.42857142857142855,0.3935483870967742,0.4,0,0,0,0,0,1,0,0,0,0,0,0,0,1,0,0
10761,0.95,0.9,0.42857142857142855,0.6,0.2,0,0,0,0,0,0,0,1,0,0,0,0,0,1,0,0
6555,0.19,0.8,0.7142857142857143,0.6548387096774193,0.6,0,0,0,0,0,0,0,0,1,0,0,0,0,0,1,0
1293,0.72,1.0,0.2857142857142857,0.7741935483870968,0.2,0,0,0,1,0,0,0,0,0,0,0,0,0,1,0,1
14183,0.55,0.81,0.42857142857142855,0.7709677419354839,0.8,0,0,0,0,1,0,0,0,0,0,0,0,1,0,0,0
14669,0.41,0.48,0.2857142857142857,0.43870967741935485,0.3,0,0,0,0,0,0,0,1,0,0,0,0,0,0,1,1
5615,0.9,0.7,0.42857142857142855,0.47419354838709676,0.4,0,0,0,0,0,0,0,0,0,0,0,1,0,1,0,0
11270,0.16,0.93,0.7142857142857143,0.6774193548387096,0.7,0,1,0,0,0,0,1,0,0,0,0,0,0,0,1,0
14282,0.09,0.77,0.7142857142857143,0.8870967741935484,0.4,0,0,0,0,0,0,0,0,1,0,0,0,0,0,1,1
962,0.41,0.45,0.2857142857142857,0.4838709677419355,0.3,0,0,0,0,0,0,0,0,0,0,1,0,0,0,1,1
11056,0.15,0.91,0.7142857142857143,0.7419354838709677,0.3,0,0,0,0,0,0,0,0,0,0,1,0,0,0,1,0
7498,0.97,0.94,0.42857142857142855,0.6516129032258065,0.2,0,0,0,0,0,0,0,0,0,1,0,0,0,0,1,0
534,0.75,0.85,0.7142857142857143,0.7741935483870968,0.6,1,0,0,0,0,0,0,1,0,0,0,0,0,0,1,1
5570,0.16,0.81,0.2857142857142857,0.5129032258064516,0.6,1,0,0,1,0,0,0,0,0,0,0,0,0,1,0,0
8671,0.58,0.94,0.5714285714285714,0.7258064516129032,0.2,0,0,0,0,0,0,0,0,0,0,0,1,0,1,0,0
11690,0.83,0.48,0.5714285714285714,0.7096774193548387,0.3,1,0,0,0,0,0,0,0,0,0,1,0,0,1,0,0
11041,0.48,0.49,0.42857142857142855,0.864516129032258,0.3,0,0,0,0,0,1,0,0,0,0,0,0,0,1,0,0
751,0.46,0.45,0.2857142857142857,0.44516129032258067,0.3,0,1,1,0,0,0,0,0,0,0,0,0,0,1,0,1
10674,0.72,0.79,0.42857142857142855,0.7129032258064516,0.3,0,0,0,0,0,0,0,0,1,0,0,0,1,0,0,0
10134,0.57,0.64,0.5714285714285714,0.4645161290322581,0.4,0,0,0,0,0,0,0,0,0,0,0,1,0,1,0,0
8164,1.0,0.87,0.42857142857142855,0.532258064516129,0.2,0,0,0,1,0,0,0,0,0,0,0,0,0,1,0,0
5607,0.26,0.37,0.2857142857142857,0.7483870967741936,0.3,1,0,0,0,0,1,0,0,0,0,0,0,0,1,0,0
8302,0.29,0.4,0.8571428571428571,0.6612903225806451,0.3,0,0,0,0,0,0,0,0,0,0,0,1,0,0,1,0
14651,0.41,0.48,0.2857142857142857,0.4483870967741935,0.3,0,0,0,0,0,0,0,0,0,0,0,1,0,1,0,1
7334,0.9,0.98,0.2857142857142857,0.7838709677419354,0.3,0,0,0,0,0,0,0,1,0,0,0,0,0,0,1,0
9727,0.24,0.53,0.8571428571428571,0.532258064516129,0.5,0,0,0,0,0,1,0,0,0,0,0,0,0,1,0,0
4620,0.85,0.6,0.5714285714285714,0.8290322580645161,0.3,0,0,0,0,0,0,0,0,0,0,0,1,0,0,1,0
2964,0.14,0.83,0.7142857142857143,0.5645161290322581,0.6,1,0,1,0,0,0,0,0,0,0,0,0,0,1,0,0
14215,0.37,0.52,0.2857142857142857,0.5129032258064516,0.3,0,0,0,0,0,0,0,0,0,1,0,0,0,1,0,1
3765,0.94,0.57,0.5714285714285714,0.8096774193548387,0.2,1,0,0,0,0,0,0,0,0,1,0,0,0,0,1,0
1704,0.38,0.49,0.2857142857142857,0.45161290322580644,0.3,0,0,0,0,0,0,0,0,0,1,0,0,0,0,1,1
11734,0.53,0.59,0.5714285714285714,0.8354838709677419,0.3,0,0,0,0,0,0,0,0,0,1,0,0,0,1,0,0
14987,0.9,0.7,0.7142857142857143,0.6645161290322581,0.4,0,0,0,0,0,0,0,0,0,0,0,1,0,1,0,1
12715,0.36,0.45,0.2857142857142857,0.4096774193548387,0.3,0,0,0,0,1,0,0,0,0,0,0,0,0,1,0,1
13086,0.66,0.91,0.42857142857142855,0.6161290322580645,0.4,0,0,0,0,0,0,0,0,0,0,0,1,0,1,0,0
5973,0.87,0.74,0.5714285714285714,0.4870967741935484,0.4,0,0,0,0,0,0,0,0,0,1,0,0,0,0,1,0
9210,0.91,0.88,0.7142857142857143,0.7193548387096774,0.3,0,0,0,0,0,0,0,0,0,0,1,0,0,1,0,0
4086,0.16,0.84,0.42857142857142855,0.7677419354838709,0.6,0,0,0,0,0,0,0,0,0,0,0,1,0,0,1,0
7084,0.69,0.57,0.7142857142857143,0.7322580645161291,0.4,0,0,1,0,0,0,0,0,0,0,0,0,0,1,0,0
8024,0.52,0.37,0.42857142857142855,0.44193548387096776,0.4,0,0,0,0,0,0,0,0,0,1,0,0,0,1,0,0
12013,0.41,0.55,0.2857142857142857,0.4774193548387097,0.3,0,0,0,0,0,0,0,0,0,1,0,0,0,1,0,1
12323,0.11,0.91,1.0,0.9258064516129032,0.4,0,0,0,0,0,0,0,0,0,1,0,0,0,1,0,1
4973,0.68,0.92,0.2857142857142857,0.5935483870967742,0.4,0,0,0,0,0,0,0,0,0,1,0,0,0,0,1,0
541,0.81,0.87,0.5714285714285714,0.8193548387096774,0.5,0,0,0,0,0,0,0,1,0,0,0,0,0,1,0,1
6544,0.79,0.36,0.42857142857142855,0.36774193548387096,0.3,0,0,0,0,0,0,0,0,0,0,0,1,1,0,0,0
6342,0.58,0.78,0.7142857142857143,0.6806451612903226,0.3,1,0,0,0,0,0,0,1,0,0,0,0,0,1,0,0
13597,0.92,0.6,0.5714285714285714,0.5193548387096775,0.3,0,0,1,0,0,0,0,0,0,0,0,0,0,1,0,0
77,0.4,0.54,0.2857142857142857,0.44193548387096776,0.3,0,0,0,0,0,0,0,1,0,0,0,0,0,0,1,1
575,0.39,0.49,0.2857142857142857,0.4161290322580645,0.3,0,0,0,0,0,0,0,0,0,0,0,1,0,0,1,1
9273,0.5,0.64,0.42857142857142855,0.8032258064516129,0.2,1,0,0,0,0,0,0,0,0,0,0,1,0,1,0,0
6616,0.54,0.65,0.42857142857142855,0.47419354838709676,0.3,1,0,0,0,0,0,0,0,0,0,1,0,0,1,0,0
7373,0.2,0.52,0.7142857142857143,0.7032258064516129,0.5,0,0,0,0,0,0,0,0,0,0,0,1,0,0,1,0
10211,0.92,0.66,0.42857142857142855,0.7419354838709677,0.3,0,0,0,0,0,0,0,0,0,0,0,1,1,0,0,0
12500,0.91,0.84,0.7142857142857143,0.8548387096774194,0.5,0,0,0,0,0,0,0,0,0,0,0,1,0,0,1,1
10434,0.77,0.65,0.2857142857142857,0.5225806451612903,0.4,1,0,0,0,0,0,0,0,0,0,1,0,0,0,1,0
258,0.88,0.88,0.7142857142857143,0.7483870967741936,0.5,1,0,0,0,1,0,0,0,0,0,0,0,0,0,1,1
7135,0.33,0.61,0.2857142857142857,0.5258064516129032,0.3,0,0,0,0,0,0,0,0,0,0,0,1,0,0,1,0
11824,0.75,0.79,0.5714285714285714,0.8483870967741935,0.3,0,1,0,0,0,0,0,1,0,0,0,0,0,0,1,0
10721,0.78,0.98,0.5714285714285714,0.667741935483871,0.2,1,0,0,0,0,0,0,0,0,0,0,1,0,0,1,0
6961,0.65,0.53,0.5714285714285714,0.5161290322580645,0.3,0,0,0,0,0,0,0,0,0,1,0,0,0,1,0,0
11340,0.77,0.54,0.5714285714285714,0.4483870967741935,0.3,1,0,1,0,0,0,0,0,0,0,0,0,0,1,0,0
13856,0.76,0.85,0.42857142857142855,0.5806451612903226,0.7,0,0,0,0,0,0,0,0,0,1,0,0,0,0,1,0
14804,0.37,0.54,0.2857142857142857,0.4258064516129032,0.3,0,0,0,0,0,0,0,0,0,0,0,1,0,1,0,1
4327,0.66,0.84,0.5714285714285714,0.5419354838709678,0.2,0,0,0,0,0,0,0,0,0,0,1,0,0,1,0,0
8712,0.74,0.75,0.2857142857142857,0.44193548387096776,0.3,1,0,0,0,0,0,0,0,0,1,0,0,0,1,0,0
3257,0.7,0.67,0.5714285714285714,0.7225806451612903,0.3,0,0,0,0,0,0,0,0,0,0,1,0,0,0,1,0
12474,0.87,1.0,0.7142857142857143,0.7806451612903226,0.5,0,0,0,0,0,0,0,0,0,1,0,0,0,1,0,1
5319,0.67,0.59,0.42857142857142855,0.6612903225806451,0.5,0,0,0,0,0,0,0,0,0,0,1,0,0,0,1,0
4683,0.12,0.7,0.5714285714285714,0.8903225806451613,0.4,0,0,0,0,0,0,0,0,0,1,0,0,0,1,0,0
10357,0.54,0.75,0.5714285714285714,0.8032258064516129,0.4,0,0,0,0,0,0,0,0,0,0,1,0,0,0,1,0
4941,0.42,0.59,0.42857142857142855,0.5032258064516129,0.2,0,0,0,0,0,0,0,0,0,0,0,1,0,1,0,0
1539,0.83,0.92,0.5714285714285714,0.7580645161290323,0.5,0,0,0,0,0,0,0,0,0,1,0,0,0,1,0,1
1266,0.45,0.53,0.2857142857142857,0.4806451612903226,0.3,0,0,0,0,0,0,0,0,0,0,1,0,0,1,0,1
3252,0.95,0.67,0.42857142857142855,0.5903225806451613,0.3,0,0,0,0,0,0,0,0,0,0,1,0,0,0,1,0
10636,0.83,0.71,0.42857142857142855,0.7548387096774194,0.4,0,0,0,0,1,0,0,0,0,0,0,0,1,0,0,0
12235,0.83,0.85,0.5714285714285714,0.8225806451612904,0.5,0,0,0,0,0,0,1,0,0,0,0,0,0,1,0,1
6317,0.42,0.91,0.42857142857142855,0.6741935483870968,0.2,0,0,0,0,0,0,0,0,0,0,0,1,0,1,0,0
11040,0.62,0.81,0.42857142857142855,0.7903225806451613,0.2,1,0,0,0,0,1,0,0,0,0,0,0,0,1,0,0
8105,0.58,0.85,0.5714285714285714,0.5225806451612903,0.3,0,0,0,0,0,0,0,0,0,1,0,0,0,0,1,0
585,0.4,0.51,0.2857142857142857,0.4483870967741935,0.3,0,0,0,0,0,0,0,0,0,0,1,0,0,1,0,1
8568,0.68,0.61,0.8571428571428571,0.7612903225806451,0.3,0,0,0,0,0,0,0,0,0,1,0,0,0,0,1,0
10592,0.59,0.72,0.5714285714285714,0.5419354838709678,0.4,0,0,0,0,0,0,1,0,0,0,0,0,0,0,1,0
14374,0.79,0.89,0.7142857142857143,0.7709677419354839,0.5,0,0,0,0,0,0,0,0,0,1,0,0,0,1,0,1
7423,0.97,0.7,0.5714285714285714,0.7032258064516129,0.2,0,0,0,0,0,0,0,0,0,1,0,0,1,0,0,0
1802,0.11,0.88,0.8571428571428571,0.8161290322580645,0.4,0,0,0,0,0,0,0,0,0,0,1,0,0,1,0,1
14116,0.21,0.85,0.8571428571428571,0.9193548387096774,0.7,0,0,0,0,0,0,0,0,0,1,0,0,0,0,1,0
9548,0.61,0.37,0.5714285714285714,0.532258064516129,0.6,0,0,0,0,0,0,0,1,0,0,0,0,0,0,1,0
6042,0.72,0.76,0.42857142857142855,0.867741935483871,0.3,1,0,0,0,0,0,0,0,0,1,0,0,0,0,1,0
13273,0.94,0.95,0.7142857142857143,0.5483870967741935,0.3,0,0,0,0,0,0,0,0,0,0,1,0,0,0,1,0
2283,0.84,0.79,0.5714285714285714,0.8354838709677419,0.3,0,0,0,1,0,0,0,0,0,0,0,0,0,0,1,0
14908,0.1,0.87,1.0,0.8096774193548387,0.5,0,0,0,0,0,0,0,0,0,0,0,1,0,1,0,1
8226,0.86,0.92,0.7142857142857143,0.44193548387096776,0.3,0,0,0,0,0,0,0,0,0,0,0,1,0,0,1,0
2023,1.0,0.41,0.5714285714285714,0.5612903225806452,0.3,0,0,0,0,0,0,0,0,0,0,0,1,0,1,0,0
7721,0.59,0.6,0.42857142857142855,0.4806451612903226,0.4,0,0,0,0,0,0,0,0,0,1,0,0,0,0,1,0
7304,0.78,0.78,0.42857142857142855,0.8129032258064516,0.3,0,0,0,0,0,0,0,0,0,0,1,0,0,0,1,0
7116,0.77,0.51,0.5714285714285714,0.45806451612903226,0.4,0,0,0,0,0,0,0,0,0,1,0,0,0,1,0,0
8947,0.42,0.73,0.42857142857142855,0.3709677419354839,0.6,0,0,0,0,0,0,0,0,0,1,0,0,1,0,0,0
14864,0.37,0.51,0.2857142857142857,0.4258064516129032,0.3,0,0,0,0,0,0,0,0,0,0,0,1,0,0,1,1
3512,0.52,0.92,0.42857142857142855,0.6903225806451613,0.3,0,0,0,0,1,0,0,0,0,0,0,0,0,1,0,0
6947,0.64,0.75,0.5714285714285714,0.5548387096774193,0.4,0,0,0,0,0,0,0,1,0,0,0,0,0,0,1,0
13014,0.5,0.75,0.42857142857142855,0.6580645161290323,0.2,0,0,0,0,0,0,0,0,0,0,0,1,1,0,0,0
7371,0.21,0.85,0.8571428571428571,0.7129032258064516,0.5,0,0,0,0,0,0,0,0,0,0,0,1,0,0,1,0
3744,0.89,0.79,0.7142857142857143,0.8290322580645161,0.3,0,0,0,0,0,0,0,1,0,0,0,0,0,0,1,0
13822,0.65,0.52,0.2857142857142857,0.3774193548387097,1.0,1,0,0,0,0,0,0,0,0,0,1,0,0,1,0,0
8308,0.63,0.68,0.5714285714285714,0.6161290322580645,0.2,0,0,1,0,0,0,0,0,0,0,0,0,1,0,0,0
6146,0.35,0.59,0.42857142857142855,0.9064516129032258,0.2,0,0,0,0,0,0,0,0,0,0,0,1,0,0,1,0
7385,0.64,0.72,0.42857142857142855,0.5967741935483871,0.2,1,0,0,0,0,0,0,0,0,0,0,1,1,0,0,0
10916,0.79,0.79,0.5714285714285714,0.7451612903225806,0.2,0,0,0,0,0,0,0,0,0,1,0,0,0,1,0,0
294,0.1,0.93,0.8571428571428571,0.8161290322580645,0.4,0,0,1,0,0,0,0,0,0,0,0,0,0,0,1,1
7670,0.67,0.56,0.5714285714285714,0.7774193548387097,0.3,0,0,0,0,0,0,0,0,0,0,0,1,0,1,0,0
861,0.43,0.48,0.2857142857142857,0.4645161290322581,0.3,0,0,0,0,0,0,0,0,0,1,0,0,0,1,0,1
2467,0.85,0.75,0.5714285714285714,0.4483870967741935,0.3,0,0,0,0,0,0,0,0,0,1,0,0,0,1,0,0
9369,0.77,0.51,0.5714285714285714,0.45483870967741935,0.3,1,0,0,0,0,0,0,0,0,0,0,1,0,1,0,0
1521,0.38,0.47,0.2857142857142857,0.45161290322580644,0.3,1,0,1,0,0,0,0,0,0,0,0,0,0,1,0,1
10294,0.16,0.97,0.8571428571428571,0.9096774193548387,0.4,0,0,0,0,0,0,0,0,1,0,0,0,0,1,0,0
11965,0.84,0.81,0.5714285714285714,0.7612903225806451,0.3,1,0,1,0,0,0,0,0,0,0,0,0,0,1,0,0
2883,0.57,0.6,0.42857142857142855,0.6516129032258065,0.3,0,0,0,0,0,0,0,0,0,0,0,1,0,0,1,0
9415,0.25,0.76,0.8571428571428571,0.5870967741935483,0.3,0,0,0,0,1,0,0,0,0,0,0,0,0,1,0,0
12327,0.88,0.99,0.7142857142857143,0.8451612903225807,0.6,0,0,0,0,0,0,0,0,0,1,0,0,0,1,0,1
4164,0.87,0.89,0.5714285714285714,0.7064516129032258,0.4,0,0,0,0,0,0,0,0,0,0,0,1,1,0,0,0
14860,0.46,0.5,0.2857142857142857,0.5032258064516129,0.3,0,0,0,0,0,0,0,0,0,0,0,1,0,0,1,1
5720,0.82,0.78,0.7142857142857143,0.7483870967741936,0.3,0,0,0,1,0,0,0,0,0,0,0,0,0,1,0,0
12951,0.97,0.83,0.42857142857142855,0.7677419354838709,0.2,0,0,0,0,0,0,0,0,0,0,1,0,0,0,1,0
10242,0.51,0.51,0.2857142857142857,0.8741935483870967,0.3,0,0,0,0,0,0,0,0,0,1,0,0,0,0,1,0
14790,0.39,0.55,0.2857142857142857,0.5129032258064516,0.3,0,0,0,0,0,0,0,0,0,0,0,1,1,0,0,1
2296,0.52,0.53,0.2857142857142857,0.5258064516129032,0.2,0,0,0,0,0,0,0,1,0,0,0,0,0,1,0,0
10719,0.9,0.57,0.5714285714285714,0.5967741935483871,0.3,1,0,0,0,0,0,0,0,0,0,0,1,0,0,1,0
7115,0.9,0.64,0.5714285714285714,0.7,0.3,0,0,0,0,0,0,0,0,0,1,0,0,0,1,0,0
10753,0.6,0.86,0.8571428571428571,0.7967741935483871,0.6,0,0,0,0,0,0,0,0,1,0,0,0,0,0,1,0
11935,0.5,0.86,0.42857142857142855,0.5806451612903226,0.7,0,1,0,0,0,0,1,0,0,0,0,0,1,0,0,0
4294,0.52,0.85,0.42857142857142855,0.8064516129032258,0.4,0,0,0,0,0,0,0,0,0,1,0,0,0,1,0,0
10775,0.24,0.62,0.7142857142857143,0.6419354838709678,0.4,0,0,0,0,0,0,0,0,0,1,0,0,0,1,0,0
10996,0.63,0.57,0.42857142857142855,0.7806451612903226,0.3,0,0,0,0,0,0,0,0,1,0,0,0,0,1,0,0
7049,0.67,0.52,0.42857142857142855,0.8806451612903226,0.3,0,0,0,0,0,0,0,0,0,1,0,0,0,1,0,0
7285,0.62,0.53,0.5714285714285714,0.47419354838709676,0.2,0,0,0,0,0,1,0,0,0,0,0,0,0,1,0,0
11794,0.61,0.89,0.5714285714285714,0.7806451612903226,0.2,0,0,0,0,0,0,1,0,0,0,0,0,0,0,1,0
11371,0.94,0.59,0.42857142857142855,0.4870967741935484,0.2,0,0,0,0,0,0,0,0,0,1,0,0,0,1,0,0
8328,0.75,0.84,0.5714285714285714,0.6290322580645161,0.3,0,0,0,0,0,0,0,1,0,0,0,0,0,1,0,0
1939,0.1,0.79,1.0,1.0,0.4,0,0,0,0,0,1,0,0,0,0,0,0,0,0,1,1
631,0.34,0.67,0.5714285714285714,0.45483870967741935,0.2,0,0,0,0,0,0,0,0,0,1,0,0,0,1,0,1
4134,1.0,0.97,0.42857142857142855,0.6967741935483871,0.3,1,0,0,0,0,0,0,0,0,1,0,0,0,1,0,0
7435,0.23,0.46,0.5714285714285714,0.8838709677419355,0.5,1,0,0,0,0,1,0,0,0,0,0,0,0,0,1,0
10752,0.94,0.69,0.7142857142857143,0.46774193548387094,0.2,0,0,0,0,0,0,0,0,1,0,0,0,0,0,1,0
7297,0.61,0.57,0.5714285714285714,0.4645161290322581,0.3,0,0,0,0,0,0,0,0,0,0,0,1,0,0,1,0
7902,0.64,0.78,0.7142857142857143,0.6451612903225806,0.3,0,0,0,0,0,0,0,0,0,0,0,1,0,0,1,0
14590,0.77,0.93,0.5714285714285714,0.7451612903225806,0.5,0,0,0,0,0,1,0,0,0,0,0,0,0,0,1,1
13730,0.45,0.64,0.42857142857142855,0.5451612903225806,1.0,0,0,1,0,0,0,0,0,0,0,0,0,0,0,1,0
7779,0.71,0.96,0.42857142857142855,0.6483870967741936,0.3,0,0,0,1,0,0,0,0,0,0,0,0,0,1,0,0
5827,0.43,0.93,0.8571428571428571,0.4096774193548387,0.3,1,0,0,0,0,0,0,0,0,1,0,0,0,0,1,0
10204,0.57,0.62,0.7142857142857143,0.8483870967741935,0.2,0,0,0,0,0,0,0,0,0,0,1,0,0,0,1,0
10987,0.54,0.73,0.42857142857142855,0.5064516129032258,0.3,0,0,0,1,0,0,0,0,0,0,0,0,0,1,0,0
6299,0.83,0.72,0.42857142857142855,0.8354838709677419,0.2,0,0,0,0,0,0,0,0,0,0,0,1,0,0,1,0
844,0.39,0.47,0.2857142857142857,0.49032258064516127,0.3,0,0,0,0,0,0,0,1,0,0,0,0,0,0,1,1
2212,0.91,0.89,0.5714285714285714,0.635483870967742,0.4,0,0,0,0,0,0,0,1,0,0,0,0,0,0,1,0
1556,0.44,0.5,0.2857142857142857,0.4967741935483871,0.3,0,0,0,0,1,0,0,0,0,0,0,0,0,0,1,1
4507,0.5,0.6,0.5714285714285714,0.6451612903225806,0.2,0,1,0,0,0,0,0,0,0,0,1,0,0,0,1,0
12205,0.38,0.5,0.2857142857142857,0.4935483870967742,0.3,0,0,0,0,0,0,0,0,0,0,1,0,0,1,0,1
3681,0.19,0.91,0.8571428571428571,0.49032258064516127,0.3,0,0,0,0,0,0,0,0,0,1,0,0,0,1,0,0
6678,0.68,0.49,0.42857142857142855,0.7419354838709677,0.3,0,0,0,0,0,0,0,0,0,0,0,1,0,0,1,0
10166,0.55,0.83,0.42857142857142855,0.5064516129032258,0.2,0,0,0,0,0,0,0,0,0,1,0,0,0,0,1,0
14649,0.77,0.9,0.5714285714285714,0.7645161290322581,0.5,0,0,0,0,0,0,0,0,0,0,1,0,0,1,0,1
4357,0.58,0.93,0.7142857142857143,0.7580645161290323,0.2,0,0,0,0,0,0,1,0,0,0,0,0,0,1,0,0
163,0.79,0.89,0.7142857142857143,0.7709677419354839,0.5,0,0,0,0,0,0,0,0,0,1,0,0,0,1,0,1
815,0.8,0.97,0.5714285714285714,0.7032258064516129,0.5,1,0,0,0,0,0,0,0,0,0,1,0,0,0,1,1
6821,0.71,0.77,0.42857142857142855,0.6225806451612903,0.3,1,0,0,0,1,0,0,0,0,0,0,0,0,1,0,0
1248,0.41,0.54,0.2857142857142857,0.44516129032258067,0.3,0,0,0,0,1,0,0,0,0,0,0,0,0,1,0,1
7778,0.89,0.56,0.5714285714285714,0.7774193548387097,0.5,0,0,1,0,0,0,0,0,0,0,0,0,0,1,0,0
2419,0.97,0.66,0.8571428571428571,0.5290322580645161,0.5,0,0,0,0,0,0,0,0,0,0,1,0,0,1,0,0
3632,0.35,0.66,0.2857142857142857,0.45161290322580644,0.2,0,0,0,0,0,0,0,0,0,0,1,0,0,0,1,0
8958,0.8,0.9,0.7142857142857143,0.8548387096774194,0.3,0,0,0,0,1,0,0,0,0,0,0,0,0,0,1,0
4276,0.7,0.84,0.5714285714285714,0.5935483870967742,0.3,0,0,0,0,0,0,0,0,0,1,0,0,0,0,1,0
10340,0.94,0.96,0.5714285714285714,0.8709677419354839,0.3,1,0,0,0,0,0,0,0,0,0,0,1,0,1,0,0
5988,0.72,0.99,0.5714285714285714,0.7322580645161291,0.3,0,0,0,0,0,1,0,0,0,0,0,0,1,0,0,0
7970,0.6,0.73,0.42857142857142855,0.45161290322580644,0.5,1,0,0,0,0,1,0,0,0,0,0,0,0,1,0,0
3866,0.7,0.9,0.5714285714285714,0.6967741935483871,0.3,0,0,0,0,0,0,0,0,0,0,1,0,0,1,0,0
10472,0.71,1.0,0.7142857142857143,0.6774193548387096,0.3,0,0,0,0,0,0,0,0,0,1,0,0,0,0,1,0
386,0.1,0.93,0.8571428571428571,0.9612903225806452,0.4,0,0,0,0,0,0,0,0,0,0,0,1,0,0,1,1
2151,0.79,0.99,0.42857142857142855,0.6258064516129033,0.4,0,0,0,0,0,0,0,0,0,1,0,0,0,1,0,0
6553,0.8,0.55,0.5714285714285714,0.4645161290322581,0.5,1,0,0,0,0,0,0,0,1,0,0,0,1,0,0,0
12194,0.89,0.95,0.5714285714285714,0.8870967741935484,0.5,0,0,0,0,0,0,0,0,0,0,0,1,0,0,1,1
305,0.45,0.47,0.2857142857142857,0.43548387096774194,0.3,0,0,0,1,0,0,0,0,0,0,0,0,0,0,1,1
1073,0.45,0.54,0.2857142857142857,0.4967741935483871,0.3,0,0,0,0,0,0,0,1,0,0,0,0,0,1,0,1
12553,0.79,1.0,0.7142857142857143,0.8290322580645161,0.6,0,0,0,0,0,0,0,0,0,1,0,0,0,1,0,1
9323,1.0,0.89,0.42857142857142855,0.6096774193548387,0.3,0,0,0,0,0,0,0,0,0,1,0,0,0,1,0,0
2824,0.2,0.89,0.8571428571428571,0.7870967741935484,0.3,0,0,0,1,0,0,0,0,0,0,0,0,0,1,0,0
10015,0.75,0.95,0.42857142857142855,0.864516129032258,0.3,1,0,0,0,0,0,0,0,0,1,0,0,0,1,0,0
13424,0.93,0.95,0.7142857142857143,0.567741935483871,0.6,0,1,0,0,1,0,0,0,0,0,0,0,0,0,1,0
10352,0.62,0.61,0.42857142857142855,0.5516129032258065,0.3,0,0,0,0,0,0,0,0,0,0,1,0,0,0,1,0
13716,0.65,0.89,0.5714285714285714,0.6580645161290323,0.8,1,0,0,0,0,0,0,0,0,0,1,0,0,1,0,0
3612,0.71,0.63,0.7142857142857143,0.7225806451612903,0.3,1,0,0,0,0,0,0,0,0,1,0,0,0,0,1,0
8330,0.51,0.54,0.5714285714285714,0.535483870967742,0.4,1,0,0,0,0,0,0,0,0,1,0,0,0,1,0,0
6450,0.6,0.87,0.42857142857142855,0.632258064516129,0.3,1,0,0,0,0,0,0,0,0,0,0,1,1,0,0,0
10692,0.71,0.9,0.42857142857142855,0.44516129032258067,0.3,0,0,0,0,0,0,0,1,0,0,0,0,0,0,1,0
3874,0.67,0.57,0.2857142857142857,0.7548387096774194,0.4,0,0,0,0,0,0,1,0,0,0,0,0,0,1,0,0
6891,0.49,0.58,0.7142857142857143,0.7935483870967742,0.3,1,0,0,0,0,0,0,0,0,1,0,0,0,0,1,0
5625,0.64,0.57,0.42857142857142855,0.5774193548387097,0.3,0,0,0,0,0,0,0,0,0,0,1,0,0,0,1,0
3135,0.73,0.87,0.42857142857142855,0.45806451612903226,0.3,0,0,0,0,0,0,1,0,0,0,0,0,0,1,0,0
8227,0.68,0.85,0.42857142857142855,0.6741935483870968,0.2,0,0,0,0,0,0,1,0,0,0,0,0,0,0,1,0
9342,0.92,0.76,0.5714285714285714,0.832258064516129,0.2,0,0,0,0,0,1,0,0,0,0,0,0,0,0,1,0
12262,0.44,0.56,0.2857142857142857,0.42258064516129035,0.3,0,0,0,0,0,1,0,0,0,0,0,0,0,0,1,1
11641,0.22,0.7,0.5714285714285714,0.5129032258064516,0.5,0,0,0,0,0,0,1,0,0,0,0,0,0,1,0,0
6992,0.63,0.94,0.5714285714285714,0.46774193548387094,0.3,0,0,0,0,0,0,0,0,0,0,0,1,0,0,1,0
5394,0.91,0.56,0.42857142857142855,0.5419354838709678,0.2,0,0,0,0,0,0,0,0,0,0,1,0,0,0,1,0
13816,0.89,0.96,0.42857142857142855,0.5774193548387097,0.8,0,0,0,0,0,0,1,0,0,0,0,0,1,0,0,0
6469,0.59,0.67,0.42857142857142855,0.5806451612903226,0.2,0,0,0,0,0,0,0,0,0,0,0,1,0,1,0,0
12383,0.38,0.51,0.2857142857142857,0.5129032258064516,0.3,0,0,0,0,0,0,0,0,0,1,0,0,0,0,1,1
14644,0.87,0.84,0.5714285714285714,0.8516129032258064,0.6,0,0,0,0,0,0,0,0,0,0,1,0,0,1,0,1
377,0.44,0.56,0.2857142857142857,0.5096774193548387,0.3,0,0,0,0,1,0,0,0,0,0,0,0,0,0,1,1
8851,0.54,0.88,0.5714285714285714,0.5483870967741935,0.4,0,0,0,1,0,0,0,0,0,0,0,0,0,1,0,0
7566,0.65,0.85,0.5714285714285714,0.6580645161290323,0.3,0,0,0,0,0,0,0,0,0,1,0,0,0,0,1,0
9656,0.93,0.44,0.7142857142857143,0.6129032258064516,0.5,0,0,0,0,0,0,0,0,0,0,0,1,0,0,1,0
12688,0.09,0.82,0.8571428571428571,0.8290322580645161,0.4,0,0,0,0,1,0,0,0,0,0,0,0,0,0,1,1
1815,0.11,0.8,1.0,0.9838709677419355,0.4,0,0,0,0,0,0,0,0,0,0,0,1,0,0,1,1
11664,0.89,0.59,0.42857142857142855,0.8548387096774194,0.8,0,0,0,1,0,0,0,0,0,0,0,0,0,1,0,0
572,0.75,0.97,0.7142857142857143,0.7838709677419354,0.6,0,0,0,0,0,0,0,0,0,0,0,1,0,0,1,1
11738,0.52,0.72,0.5714285714285714,0.7161290322580646,0.3,0,0,0,0,0,0,0,0,0,1,0,0,0,1,0,0
9980,0.53,0.62,0.5714285714285714,0.6483870967741936,0.3,0,0,0,0,0,0,0,0,0,0,1,0,0,0,1,0
11088,0.59,0.73,0.42857142857142855,0.5548387096774193,0.6,0,0,0,0,0,0,0,0,1,0,0,0,0,0,1,0
1552,0.17,0.55,0.8571428571428571,0.8064516129032258,0.5,0,0,0,0,0,0,0,0,0,1,0,0,0,0,1,1
